{
  "metadata": {
    "timestamp": "2025-06-29T21:11:43.666383",
    "fps_run_id": "run_20250629-211142_seed12345",
    "kuramoto_run_id": "run_20250629-211143_seed12345",
    "neutral_run_id": "run_20250629-211143_seed12345"
  },
  "detailed_metrics": {
    "synchronization": {
      "fps_value": 0.990958030250303,
      "kuramoto_value": 0.7762382860014279,
      "neutral_value": 0,
      "fps_vs_kuramoto_efficiency": 27.661576102781748,
      "fps_vs_neutral_efficiency": 990958030250.3031
    },
    "stability": {
      "fps_value": 5.153755513598305,
      "kuramoto_value": 0.30692830766026824,
      "neutral_value": 0.6320557848559905,
      "fps_vs_kuramoto_efficiency": 1574.0115752155707,
      "fps_vs_neutral_efficiency": 714.2656045345079
    },
    "resilience": {
      "fps_value": 0.2941176470588235,
      "kuramoto_value": 1.0,
      "neutral_value": 0.1,
      "fps_vs_kuramoto_efficiency": -70.58823528705884,
      "fps_vs_neutral_efficiency": 194.11764686470582
    },
    "continuous_resilience": {
      "fps_value": 1.0,
      "kuramoto_value": 0.5,
      "neutral_value": 0.3,
      "fps_vs_kuramoto_efficiency": 99.99999998,
      "fps_vs_neutral_efficiency": 233.33333325555557
    },
    "innovation": {
      "fps_value": 0.8921703853679979,
      "kuramoto_value": 0.14243194390317127,
      "neutral_value": 0.5,
      "fps_vs_kuramoto_efficiency": 526.3836330480285,
      "fps_vs_neutral_efficiency": 78.43407705791276
    },
    "fluidity": {
      "fps_value": 0.9900990099009901,
      "kuramoto_value": 0.2553948186233467,
      "neutral_value": 0.9900990099009901,
      "fps_vs_kuramoto_efficiency": 287.673882716275,
      "fps_vs_neutral_efficiency": 0.0
    },
    "cpu_efficiency": {
      "fps_value": 39191.86684108584,
      "kuramoto_value": 206084.09714973666,
      "neutral_value": 961179.8675110489,
      "fps_vs_kuramoto_efficiency": -80.98258517131691,
      "fps_vs_neutral_efficiency": -95.92252510429734
    },
    "global_score": {
      "fps": 0.7450980392156863,
      "kuramoto": 0.3214355412195416,
      "neutral": 0.36342917271330866,
      "fps_vs_kuramoto_efficiency": 131.80325245209224,
      "fps_vs_neutral_efficiency": 105.01877533602362
    }
  },
  "summary": {
    "fps_advantages": [
      "synchronization: +27.7% vs Kuramoto",
      "stability: +1574.0% vs Kuramoto",
      "continuous_resilience: +100.0% vs Kuramoto",
      "innovation: +526.4% vs Kuramoto",
      "fluidity: +287.7% vs Kuramoto"
    ],
    "fps_disadvantages": [
      "resilience: -70.6% vs Kuramoto",
      "cpu_efficiency: -81.0% vs Kuramoto"
    ],
    "overall_verdict": "FPS surpasse les deux mod\u00e8les de contr\u00f4le (Kuramoto: +131.8%, Neutral: +105.0%)"
  }
}