{
  "metadata": {
    "timestamp": "2025-06-29T19:42:13.410952",
    "fps_run_id": "run_20250629-194212_seed12345",
    "kuramoto_run_id": "run_20250629-194213_seed12345",
    "neutral_run_id": "run_20250629-194213_seed12345"
  },
  "detailed_metrics": {
    "synchronization": {
      "fps_value": 0.9189623333081869,
      "kuramoto_value": 0.7762382860014279,
      "neutral_value": 0,
      "fps_vs_kuramoto_efficiency": 18.3866281607385,
      "fps_vs_neutral_efficiency": 918962333308.1869
    },
    "stability": {
      "fps_value": 4.74664250039962,
      "kuramoto_value": 0.30692830766026824,
      "neutral_value": 0.6320557848559905,
      "fps_vs_kuramoto_efficiency": 1441.8012512307278,
      "fps_vs_neutral_efficiency": 649.9564199511468
    },
    "resilience": {
      "fps_value": 0.17857142857142855,
      "kuramoto_value": 1.0,
      "neutral_value": 0.1,
      "fps_vs_kuramoto_efficiency": -82.14285713464285,
      "fps_vs_neutral_efficiency": 78.57142849285711
    },
    "continuous_resilience": {
      "fps_value": 1.0,
      "kuramoto_value": 0.5,
      "neutral_value": 0.3,
      "fps_vs_kuramoto_efficiency": 99.99999998,
      "fps_vs_neutral_efficiency": 233.33333325555557
    },
    "innovation": {
      "fps_value": 0.7858470423580016,
      "kuramoto_value": 0.14243194390317127,
      "neutral_value": 0.5,
      "fps_vs_kuramoto_efficiency": 451.73510967490876,
      "fps_vs_neutral_efficiency": 57.16940846016644
    },
    "fluidity": {
      "fps_value": 0.9900990099009901,
      "kuramoto_value": 0.2553948186233467,
      "neutral_value": 0.9900990099009901,
      "fps_vs_kuramoto_efficiency": 287.673882716275,
      "fps_vs_neutral_efficiency": 0.0
    },
    "cpu_efficiency": {
      "fps_value": 39886.164249055066,
      "kuramoto_value": 220222.1742235756,
      "neutral_value": 974296.8791724194,
      "fps_vs_kuramoto_efficiency": -81.88821574913538,
      "fps_vs_neutral_efficiency": -95.90615898903458
    },
    "global_score": {
      "fps": 0.7267573696145124,
      "kuramoto": 0.33191409295229773,
      "neutral": 0.37556660859171925,
      "fps_vs_kuramoto_efficiency": 118.95947925296488,
      "fps_vs_neutral_efficiency": 93.50958069626077
    }
  },
  "summary": {
    "fps_advantages": [
      "synchronization: +18.4% vs Kuramoto",
      "stability: +1441.8% vs Kuramoto",
      "continuous_resilience: +100.0% vs Kuramoto",
      "innovation: +451.7% vs Kuramoto",
      "fluidity: +287.7% vs Kuramoto"
    ],
    "fps_disadvantages": [
      "resilience: -82.1% vs Kuramoto",
      "cpu_efficiency: -81.9% vs Kuramoto"
    ],
    "overall_verdict": "FPS surpasse les deux mod\u00e8les de contr\u00f4le (Kuramoto: +119.0%, Neutral: +93.5%)"
  }
}