{
  "metadata": {
    "timestamp": "2025-06-23T17:44:42.995678",
    "fps_run_id": "run_20250623-174442_seed12345",
    "kuramoto_run_id": "run_20250623-174442_seed12345",
    "neutral_run_id": "run_20250623-174442_seed12345"
  },
  "detailed_metrics": {
    "synchronization": {
      "fps_value": 0.9189623333081869,
      "kuramoto_value": 0.7762382860014279,
      "neutral_value": 0,
      "fps_vs_kuramoto_efficiency": 18.3866281607385,
      "fps_vs_neutral_efficiency": 918962333308.1869
    },
    "stability": {
      "fps_value": 4.149453518745898,
      "kuramoto_value": 0.30692830766026824,
      "neutral_value": 0.6320557848559905,
      "fps_vs_kuramoto_efficiency": 1247.8635823650934,
      "fps_vs_neutral_efficiency": 555.6220822924881
    },
    "resilience": {
      "fps_value": 0.11904761904761904,
      "kuramoto_value": 1.0,
      "neutral_value": 0.1,
      "fps_vs_kuramoto_efficiency": -88.09523808642858,
      "fps_vs_neutral_efficiency": 19.047619028571418
    },
    "innovation": {
      "fps_value": 0.8025871153498839,
      "kuramoto_value": 0.14243194390317127,
      "neutral_value": 0.5,
      "fps_vs_kuramoto_efficiency": 463.48814240154877,
      "fps_vs_neutral_efficiency": 60.5174230578733
    },
    "cpu_efficiency": {
      "fps_value": 29046.981773437554,
      "kuramoto_value": 226624.53988422832,
      "neutral_value": 1000000.0,
      "fps_vs_kuramoto_efficiency": -87.18277258936565,
      "fps_vs_neutral_efficiency": -97.09530172556093
    },
    "global_score": {
      "fps": 0.6042328042328042,
      "kuramoto": 0.40963565409181807,
      "neutral": 0.32525108182478224,
      "fps_vs_kuramoto_efficiency": 47.504934726668864,
      "fps_vs_neutral_efficiency": 85.77426422598018
    }
  },
  "summary": {
    "fps_advantages": [
      "synchronization: +18.4% vs Kuramoto",
      "stability: +1247.9% vs Kuramoto",
      "innovation: +463.5% vs Kuramoto"
    ],
    "fps_disadvantages": [
      "resilience: -88.1% vs Kuramoto",
      "cpu_efficiency: -87.2% vs Kuramoto"
    ],
    "overall_verdict": "FPS surpasse les deux mod\u00e8les de contr\u00f4le (Kuramoto: +47.5%, Neutral: +85.8%)"
  }
}