{
  "metadata": {
    "timestamp": "2025-06-29T18:56:07.448126",
    "fps_run_id": "run_20250629-185606_seed12345",
    "kuramoto_run_id": "run_20250629-185607_seed12345",
    "neutral_run_id": "run_20250629-185607_seed12345"
  },
  "detailed_metrics": {
    "synchronization": {
      "fps_value": 0.9189623333081869,
      "kuramoto_value": 0.7762382860014279,
      "neutral_value": 0,
      "fps_vs_kuramoto_efficiency": 18.3866281607385,
      "fps_vs_neutral_efficiency": 918962333308.1869
    },
    "stability": {
      "fps_value": 27.884092045937447,
      "kuramoto_value": 0.30692830766026824,
      "neutral_value": 0.6320557848559905,
      "fps_vs_kuramoto_efficiency": 8955.709186926251,
      "fps_vs_neutral_efficiency": 4304.839622827369
    },
    "resilience": {
      "fps_value": 0.2777777777777778,
      "kuramoto_value": 1.0,
      "neutral_value": 0.1,
      "fps_vs_kuramoto_efficiency": -72.222222215,
      "fps_vs_neutral_efficiency": 177.7777776
    },
    "continuous_resilience": {
      "fps_value": 1.0,
      "kuramoto_value": 0.5,
      "neutral_value": 0.3,
      "fps_vs_kuramoto_efficiency": 99.99999998,
      "fps_vs_neutral_efficiency": 233.33333325555557
    },
    "innovation": {
      "fps_value": 0.8003191048377866,
      "kuramoto_value": 0.14243194390317127,
      "neutral_value": 0.5,
      "fps_vs_kuramoto_efficiency": 461.89579559481916,
      "fps_vs_neutral_efficiency": 60.06382095554454
    },
    "fluidity": {
      "fps_value": 0.9900990099009901,
      "kuramoto_value": 0.2553948186233467,
      "neutral_value": 0.9900990099009901,
      "fps_vs_kuramoto_efficiency": 287.673882716275,
      "fps_vs_neutral_efficiency": 0.0
    },
    "cpu_efficiency": {
      "fps_value": 57810.68618972386,
      "kuramoto_value": 221620.02643666344,
      "neutral_value": 952211.5494143624,
      "fps_vs_kuramoto_efficiency": -73.91450228646617,
      "fps_vs_neutral_efficiency": -93.92879794783342
    },
    "global_score": {
      "fps": 0.7425044091710759,
      "kuramoto": 0.33050772555669894,
      "neutral": 0.36504277712602784,
      "fps_vs_kuramoto_efficiency": 124.6556893021984,
      "fps_vs_neutral_efficiency": 103.4020272674319
    }
  },
  "summary": {
    "fps_advantages": [
      "synchronization: +18.4% vs Kuramoto",
      "stability: +8955.7% vs Kuramoto",
      "continuous_resilience: +100.0% vs Kuramoto",
      "innovation: +461.9% vs Kuramoto",
      "fluidity: +287.7% vs Kuramoto"
    ],
    "fps_disadvantages": [
      "resilience: -72.2% vs Kuramoto",
      "cpu_efficiency: -73.9% vs Kuramoto"
    ],
    "overall_verdict": "FPS surpasse les deux mod\u00e8les de contr\u00f4le (Kuramoto: +124.7%, Neutral: +103.4%)"
  }
}