{
  "metadata": {
    "timestamp": "2025-06-23T17:41:04.163531",
    "fps_run_id": "run_20250623-174103_seed12345",
    "kuramoto_run_id": "run_20250623-174103_seed12345",
    "neutral_run_id": "run_20250623-174104_seed12345"
  },
  "detailed_metrics": {
    "synchronization": {
      "fps_value": 0.9189623333081869,
      "kuramoto_value": 0.7762382860014279,
      "neutral_value": 0,
      "fps_vs_kuramoto_efficiency": 18.3866281607385,
      "fps_vs_neutral_efficiency": 918962333308.1869
    },
    "stability": {
      "fps_value": 4.15016900889982,
      "kuramoto_value": 0.30692830766026824,
      "neutral_value": 0.6320557848559905,
      "fps_vs_kuramoto_efficiency": 1248.0959384480268,
      "fps_vs_neutral_efficiency": 555.7351039520382
    },
    "resilience": {
      "fps_value": 0.11904761904761904,
      "kuramoto_value": 1.0,
      "neutral_value": 0.1,
      "fps_vs_kuramoto_efficiency": -88.09523808642858,
      "fps_vs_neutral_efficiency": 19.047619028571418
    },
    "innovation": {
      "fps_value": 0.80305368164318,
      "kuramoto_value": 0.14243194390317127,
      "neutral_value": 0.5,
      "fps_vs_kuramoto_efficiency": 463.81571378770195,
      "fps_vs_neutral_efficiency": 60.61073631651386
    },
    "cpu_efficiency": {
      "fps_value": 28690.796054597464,
      "kuramoto_value": 226365.45453099505,
      "neutral_value": 1000000.0,
      "fps_vs_kuramoto_efficiency": -87.32545255754847,
      "fps_vs_neutral_efficiency": -97.13092029740933
    },
    "global_score": {
      "fps": 0.6042328042328042,
      "kuramoto": 0.4096407236920608,
      "neutral": 0.3251714240181084,
      "fps_vs_kuramoto_efficiency": 47.50310924641395,
      "fps_vs_neutral_efficiency": 85.81977366908338
    }
  },
  "summary": {
    "fps_advantages": [
      "synchronization: +18.4% vs Kuramoto",
      "stability: +1248.1% vs Kuramoto",
      "innovation: +463.8% vs Kuramoto"
    ],
    "fps_disadvantages": [
      "resilience: -88.1% vs Kuramoto",
      "cpu_efficiency: -87.3% vs Kuramoto"
    ],
    "overall_verdict": "FPS surpasse les deux mod\u00e8les de contr\u00f4le (Kuramoto: +47.5%, Neutral: +85.8%)"
  }
}