{
  "metadata": {
    "timestamp": "2025-06-30T17:55:14.659866",
    "fps_run_id": "run_20250630-175513_seed12345",
    "kuramoto_run_id": "run_20250630-175514_seed12345",
    "neutral_run_id": "run_20250630-175514_seed12345"
  },
  "detailed_metrics": {
    "synchronization": {
      "fps_value": 0.990958030250303,
      "kuramoto_value": 0.7762382860014279,
      "neutral_value": 0,
      "fps_vs_kuramoto_efficiency": 27.661576102781748,
      "fps_vs_neutral_efficiency": 990958030250.3031
    },
    "stability": {
      "fps_value": 4.768160833398525,
      "kuramoto_value": 0.30692830766026824,
      "neutral_value": 0.6320557848559905,
      "fps_vs_kuramoto_efficiency": 1448.789349584662,
      "fps_vs_neutral_efficiency": 653.3555410892311
    },
    "resilience": {
      "fps_value": 0.5,
      "kuramoto_value": 1.0,
      "neutral_value": 0.1,
      "fps_vs_kuramoto_efficiency": -49.999999994999996,
      "fps_vs_neutral_efficiency": 399.9999996
    },
    "continuous_resilience": {
      "fps_value": 1.0,
      "kuramoto_value": 0.5,
      "neutral_value": 0.3,
      "fps_vs_kuramoto_efficiency": 99.99999998,
      "fps_vs_neutral_efficiency": 233.33333325555557
    },
    "innovation": {
      "fps_value": 0.822717206216223,
      "kuramoto_value": 0.14243194390317127,
      "neutral_value": 0.5,
      "fps_vs_kuramoto_efficiency": 477.6212717407726,
      "fps_vs_neutral_efficiency": 64.54344123033592
    },
    "fluidity": {
      "fps_value": 0.9900990099009901,
      "kuramoto_value": 0.2553948186233467,
      "neutral_value": 0.9900990099009901,
      "fps_vs_kuramoto_efficiency": 287.673882716275,
      "fps_vs_neutral_efficiency": 0.0
    },
    "cpu_efficiency": {
      "fps_value": 47279.08756505067,
      "kuramoto_value": 226642.5168488176,
      "neutral_value": 987973.9854591262,
      "fps_vs_kuramoto_efficiency": -79.13935610414093,
      "fps_vs_neutral_efficiency": -95.21454115057242
    },
    "global_score": {
      "fps": 0.7777777777777778,
      "kuramoto": 0.3228152202147073,
      "neutral": 0.3712133252640634,
      "fps_vs_kuramoto_efficiency": 140.93590665258435,
      "fps_vs_neutral_efficiency": 109.52312989168173
    }
  },
  "summary": {
    "fps_advantages": [
      "synchronization: +27.7% vs Kuramoto",
      "stability: +1448.8% vs Kuramoto",
      "continuous_resilience: +100.0% vs Kuramoto",
      "innovation: +477.6% vs Kuramoto",
      "fluidity: +287.7% vs Kuramoto"
    ],
    "fps_disadvantages": [
      "resilience: -50.0% vs Kuramoto",
      "cpu_efficiency: -79.1% vs Kuramoto"
    ],
    "overall_verdict": "FPS surpasse les deux mod\u00e8les de contr\u00f4le (Kuramoto: +140.9%, Neutral: +109.5%)"
  }
}