{
  "centroids": [
    [
      0.695946692817833,
      0.5026062647662167,
      0.6928262376835262,
      0.001394658065435803,
      0.7444342633383123,
      0.23515667885894437,
      0.020197445675360692,
      0.0,
      0.218708152215572,
      0.3729357686357995,
      0.9996005994472004
    ],
    [
      0.6959471134602174,
      0.5026064151236278,
      0.6928274077608675,
      0.0013946592552455102,
      0.7444342670459884,
      0.23515668633956865,
      0.020197433939677822,
      0.0,
      0.21870782329887206,
      0.37293579482314226,
      0.9996005981368391
    ],
    [
      0.6959460964463896,
      0.5026060675118832,
      0.6928264214881937,
      0.001394655441393823,
      0.7444341670334019,
      0.2351566667667701,
      0.020197459358049875,
      0.0,
      0.21870859733955691,
      0.3729346681987004,
      0.9996006020056611
    ],
    [
      0.6959465577499908,
      0.5026062302696448,
      0.6928271958617989,
      0.0013946559817938208,
      0.7444341990526326,
      0.23515667544791843,
      0.020197443684631135,
      0.0,
      0.21870823292786043,
      0.3729345759851722,
      0.9996006015038194
    ],
    [
      0.6959456952406992,
      0.502605933946343,
      0.692827072017623,
      0.001394655857766293,
      0.7444340694802657,
      0.23515665804649313,
      0.020197476383244897,
      0.0,
      0.2187089135975367,
      0.3729346163158428,
      0.9996006012250525
    ],
    [
      0.695946952546348,
      0.502606336103465,
      0.6928223442568284,
      0.0013946528348468172,
      0.7444345165717132,
      0.23515668774604018,
      0.02019741642672495,
      0.0,
      0.2187079246295814,
      0.3729350803785632,
      0.9996006060527866
    ],
    [
      0.6959461161523126,
      0.5026060795060813,
      0.6928271774522564,
      0.001394655640686333,
      0.7444341311899656,
      0.23515666651892578,
      0.020197459452818912,
      0.0,
      0.21870857852838954,
      0.37293446746950226,
      0.9996006016591924
    ]
  ],
  "selected_K": 7,
  "inertia_by_K": {
    "2": 8612.979897452149,
    "3": 8612.965698990425,
    "4": 8612.992811906472,
    "5": 8612.99235567602,
    "6": 8612.988061827156,
    "7": 8612.95559254163,
    "8": 8612.988878134864,
    "9": 8612.974402024762,
    "10": 8612.985219171054,
    "11": 8612.981264691587,
    "12": 8612.988902360721
  },
  "satisfaction_weights": {
    "weights": [
      -5.594674967019471e-06,
      5.683443893488745e-06,
      -9.86622133678646e-07
    ],
    "bias": 0.14285643654453292,
    "best_state": 5,
    "r2": 0.9793757877116723
  },
  "curiosity_model": {
    "weights": [
      -5.541582790863406e-07,
      1.6100300062988144e-07,
      2.2260294818306126e-07,
      -1.326589498745476e-07,
      -1.077440689500062e-07,
      7.821070084957761e-08,
      5.74850223589924e-08,
      0.0,
      2.9274392261554445e-07,
      -4.6753825290197677e-07,
      -6.029125619369061e-08
    ],
    "bias": 0.14285752481740682,
    "best_state": 2,
    "r2": 0.9937224533052044,
    "corr": 0.5872003906113036
  },
  "boredom_model": {
    "weights": [
      3.5238766017693674e-07,
      -1.0253957171814822e-07,
      -3.891225905517194e-08,
      1.8027537282417927e-07,
      5.76219034083937e-08,
      -4.061578152321163e-08,
      -2.6332766331927638e-08,
      0.0,
      -1.6916411596471183e-07,
      1.1033910689528455e-06,
      1.3030369718352976e-07
    ],
    "bias": 0.14285643830222844,
    "best_state": 0,
    "r2": 0.9988661921665024,
    "corr": 0.9405094963197262
  },
  "fatigue_model": {
    "weights": [
      1.0022392491292304e-06,
      -2.8801251013424694e-07,
      1.6316682919762356e-06,
      3.951847258674263e-07,
      8.044423708164969e-08,
      -1.0319229520962758e-07,
      -9.124163781071614e-08,
      0.0,
      -5.143278558565228e-07,
      1.1399271980090705e-06,
      2.63180946613991e-07
    ],
    "bias": 0.14285484961871892,
    "best_state": 1,
    "r2": 0.9973026539690639,
    "corr": -0.16568201223156956
  },
  "axes_pairwise_corr": {
    "curiosity_learned__curiosity_learned": 1.0,
    "curiosity_learned__boredom_learned": -4.544339704300097e-15,
    "curiosity_learned__satisfaction_learned": -3.784539483215933e-15,
    "curiosity_learned__fatigue_learned": -4.14048388923046e-15,
    "boredom_learned__curiosity_learned": -4.544339704300096e-15,
    "boredom_learned__boredom_learned": 1.0,
    "boredom_learned__satisfaction_learned": -3.80223280349285e-16,
    "boredom_learned__fatigue_learned": 1.207663486090225e-14,
    "satisfaction_learned__curiosity_learned": -3.784539483215933e-15,
    "satisfaction_learned__boredom_learned": -3.8022328034928497e-16,
    "satisfaction_learned__satisfaction_learned": 1.0,
    "satisfaction_learned__fatigue_learned": 5.74200716783815e-15,
    "fatigue_learned__curiosity_learned": -4.1404838892304605e-15,
    "fatigue_learned__boredom_learned": 1.2076634860902248e-14,
    "fatigue_learned__satisfaction_learned": 5.7420071678381505e-15,
    "fatigue_learned__fatigue_learned": 1.0
  }
}