{
  "metadata": {
    "timestamp": "2025-06-30T17:53:09.035124",
    "fps_run_id": "run_20250630-175308_seed12345",
    "kuramoto_run_id": "run_20250630-175308_seed12345",
    "neutral_run_id": "run_20250630-175308_seed12345"
  },
  "detailed_metrics": {
    "synchronization": {
      "fps_value": 0.990958030250303,
      "kuramoto_value": 0.7762382860014279,
      "neutral_value": 0,
      "fps_vs_kuramoto_efficiency": 27.661576102781748,
      "fps_vs_neutral_efficiency": 990958030250.3031
    },
    "stability": {
      "fps_value": 4.162731251504135,
      "kuramoto_value": 0.30692830766026824,
      "neutral_value": 0.6320557848559905,
      "fps_vs_kuramoto_efficiency": 1252.175538241812,
      "fps_vs_neutral_efficiency": 557.7194855665546
    },
    "resilience": {
      "fps_value": 0.5,
      "kuramoto_value": 1.0,
      "neutral_value": 0.1,
      "fps_vs_kuramoto_efficiency": -49.999999994999996,
      "fps_vs_neutral_efficiency": 399.9999996
    },
    "continuous_resilience": {
      "fps_value": 1.0,
      "kuramoto_value": 0.5,
      "neutral_value": 0.3,
      "fps_vs_kuramoto_efficiency": 99.99999998,
      "fps_vs_neutral_efficiency": 233.33333325555557
    },
    "innovation": {
      "fps_value": 0.8132506376085229,
      "kuramoto_value": 0.14243194390317127,
      "neutral_value": 0.5,
      "fps_vs_kuramoto_efficiency": 470.97489148250037,
      "fps_vs_neutral_efficiency": 62.65012750917456
    },
    "fluidity": {
      "fps_value": 0.9900990099009901,
      "kuramoto_value": 0.2553948186233467,
      "neutral_value": 0.9900990099009901,
      "fps_vs_kuramoto_efficiency": 287.673882716275,
      "fps_vs_neutral_efficiency": 0.0
    },
    "cpu_efficiency": {
      "fps_value": 47747.07526245584,
      "kuramoto_value": 227684.00738421438,
      "neutral_value": 1000000.0,
      "fps_vs_kuramoto_efficiency": -79.02923591283444,
      "fps_vs_neutral_efficiency": -95.22529237852912
    },
    "global_score": {
      "fps": 0.7777777777777778,
      "kuramoto": 0.3225706453273941,
      "neutral": 0.373907705440977,
      "fps_vs_kuramoto_efficiency": 141.11858561936134,
      "fps_vs_neutral_efficiency": 108.01330551679153
    }
  },
  "summary": {
    "fps_advantages": [
      "synchronization: +27.7% vs Kuramoto",
      "stability: +1252.2% vs Kuramoto",
      "continuous_resilience: +100.0% vs Kuramoto",
      "innovation: +471.0% vs Kuramoto",
      "fluidity: +287.7% vs Kuramoto"
    ],
    "fps_disadvantages": [
      "resilience: -50.0% vs Kuramoto",
      "cpu_efficiency: -79.0% vs Kuramoto"
    ],
    "overall_verdict": "FPS surpasse les deux mod\u00e8les de contr\u00f4le (Kuramoto: +141.1%, Neutral: +108.0%)"
  }
}