{
  "metadata": {
    "timestamp": "2025-07-09T23:26:41.662593",
    "fps_run_id": "run_20250709-232640_FPS_seed12345",
    "kuramoto_run_id": "run_20250709-232641_KURAMOTO_seed12345",
    "neutral_run_id": "run_20250709-232641_NEUTRAL_seed12345"
  },
  "detailed_metrics": {
    "synchronization": {
      "fps_value": 0.990958030250303,
      "kuramoto_value": 0.7762382860014279,
      "neutral_value": 0,
      "fps_vs_kuramoto_efficiency": 27.661576102781748,
      "fps_vs_neutral_efficiency": 990958030250.3031
    },
    "stability": {
      "fps_value": 19.37793978798996,
      "kuramoto_value": 0.30692830766026824,
      "neutral_value": 0.6320557848559905,
      "fps_vs_kuramoto_efficiency": 6193.328448831796,
      "fps_vs_neutral_efficiency": 2961.174110019126
    },
    "resilience": {
      "fps_value": 0.8292640239707241,
      "kuramoto_value": 1.0,
      "neutral_value": 0.1,
      "fps_vs_kuramoto_efficiency": -17.073597601220232,
      "fps_vs_neutral_efficiency": 729.2640232414601
    },
    "continuous_resilience": {
      "fps_value": 0.8274865804143694,
      "kuramoto_value": 0.5,
      "neutral_value": 0.3,
      "fps_vs_kuramoto_efficiency": 65.49731606977441,
      "fps_vs_neutral_efficiency": 175.8288600795135
    },
    "innovation": {
      "fps_value": 0.8138666147165949,
      "kuramoto_value": 0.14243194390317127,
      "neutral_value": 0.5,
      "fps_vs_kuramoto_efficiency": 471.40736266189987,
      "fps_vs_neutral_efficiency": 62.77332293076432
    },
    "fluidity": {
      "fps_value": 0.992269180720481,
      "kuramoto_value": 0.9927299811645179,
      "neutral_value": 0.5,
      "fps_vs_kuramoto_efficiency": -0.04641750050199952,
      "fps_vs_neutral_efficiency": 98.45383612440543
    },
    "cpu_efficiency": {
      "fps_value": 7934.7271318435405,
      "kuramoto_value": 219897.79502331046,
      "neutral_value": 1000000.0,
      "fps_vs_kuramoto_efficiency": -96.3916290770816,
      "fps_vs_neutral_efficiency": -99.20652718760911
    },
    "global_score": {
      "fps": 0.8299083087506981,
      "kuramoto": 0.4823051436174261,
      "neutral": 0.22137022663910816,
      "fps_vs_kuramoto_efficiency": 72.07121252203075,
      "fps_vs_neutral_efficiency": 274.89608294469133
    }
  },
  "summary": {
    "fps_advantages": [
      "synchronization: +27.7% vs Kuramoto",
      "stability: +6193.3% vs Kuramoto",
      "continuous_resilience: +65.5% vs Kuramoto",
      "innovation: +471.4% vs Kuramoto"
    ],
    "fps_disadvantages": [
      "resilience: -17.1% vs Kuramoto",
      "cpu_efficiency: -96.4% vs Kuramoto"
    ],
    "overall_verdict": "FPS surpasse les deux mod\u00e8les de contr\u00f4le (Kuramoto: +72.1%, Neutral: +274.9%)"
  }
}