{
  "metadata": {
    "timestamp": "2025-06-25T16:28:06.874297",
    "fps_run_id": "run_20250625-162806_seed12345",
    "kuramoto_run_id": "run_20250625-162806_seed12345",
    "neutral_run_id": "run_20250625-162806_seed12345"
  },
  "detailed_metrics": {
    "synchronization": {
      "fps_value": 0.9189623333081869,
      "kuramoto_value": 0.7762382860014279,
      "neutral_value": 0,
      "fps_vs_kuramoto_efficiency": 18.3866281607385,
      "fps_vs_neutral_efficiency": 918962333308.1869
    },
    "stability": {
      "fps_value": 912.6849803391613,
      "kuramoto_value": 0.30692830766026824,
      "neutral_value": 0.6320557848559905,
      "fps_vs_kuramoto_efficiency": 296295.6082095938,
      "fps_vs_neutral_efficiency": 144071.49359859052
    },
    "resilience": {
      "fps_value": 0.03861003861003861,
      "kuramoto_value": 1.0,
      "neutral_value": 0.1,
      "fps_vs_kuramoto_efficiency": -96.13899612938224,
      "fps_vs_neutral_efficiency": -61.38996132857143
    },
    "continuous_resilience": {
      "fps_value": 1.0,
      "kuramoto_value": 0.9187922332180221,
      "neutral_value": 0.3,
      "fps_vs_kuramoto_efficiency": 8.838534310277463,
      "fps_vs_neutral_efficiency": 233.33333325555557
    },
    "innovation": {
      "fps_value": 0.9775047106852504,
      "kuramoto_value": 0.14243194390317127,
      "neutral_value": 0.5,
      "fps_vs_kuramoto_efficiency": 586.2959834090911,
      "fps_vs_neutral_efficiency": 95.50094211794988
    },
    "fluidity": {
      "fps_value": 0.9900990099009901,
      "kuramoto_value": 0.2553948186233467,
      "neutral_value": 0.9900990099009901,
      "fps_vs_kuramoto_efficiency": 287.673882716275,
      "fps_vs_neutral_efficiency": 0.0
    },
    "cpu_efficiency": {
      "fps_value": 60109.114874050894,
      "kuramoto_value": 223382.1414376635,
      "neutral_value": 1000000.0,
      "fps_vs_kuramoto_efficiency": -73.09135134164774,
      "fps_vs_neutral_efficiency": -93.98908841860582
    },
    "global_score": {
      "fps": 0.7142857142857143,
      "kuramoto": 0.41462768150049917,
      "neutral": 0.35605709649712475,
      "fps_vs_kuramoto_efficiency": 72.27159354833928,
      "fps_vs_neutral_efficiency": 100.60988004795249
    }
  },
  "summary": {
    "fps_advantages": [
      "synchronization: +18.4% vs Kuramoto",
      "stability: +296295.6% vs Kuramoto",
      "innovation: +586.3% vs Kuramoto",
      "fluidity: +287.7% vs Kuramoto"
    ],
    "fps_disadvantages": [
      "resilience: -96.1% vs Kuramoto",
      "cpu_efficiency: -73.1% vs Kuramoto"
    ],
    "overall_verdict": "FPS surpasse les deux mod\u00e8les de contr\u00f4le (Kuramoto: +72.3%, Neutral: +100.6%)"
  }
}