{
  "metadata": {
    "timestamp": "2025-06-23T02:59:02.937961",
    "fps_run_id": "run_20250623-025902_seed12345",
    "kuramoto_run_id": "run_20250623-025902_seed12345",
    "neutral_run_id": "run_20250623-025902_seed12345"
  },
  "detailed_metrics": {
    "synchronization": {
      "fps_value": 0.9189623333081869,
      "kuramoto_value": 0.7762382860014279,
      "neutral_value": 0,
      "fps_vs_kuramoto_efficiency": 18.3866281607385,
      "fps_vs_neutral_efficiency": 918962333308.1869
    },
    "stability": {
      "fps_value": 4.3369043615777985,
      "kuramoto_value": 0.30692830766026824,
      "neutral_value": 0.6320557848559905,
      "fps_vs_kuramoto_efficiency": 1308.7384152949428,
      "fps_vs_neutral_efficiency": 585.2325601233704
    },
    "resilience": {
      "fps_value": 0.10101010101010101,
      "kuramoto_value": 1.0,
      "neutral_value": 0.1,
      "fps_vs_kuramoto_efficiency": -89.89898989,
      "fps_vs_neutral_efficiency": 1.0101010090909017
    },
    "innovation": {
      "fps_value": 0.8052966962300364,
      "kuramoto_value": 0.14243194390317127,
      "neutral_value": 0.5,
      "fps_vs_kuramoto_efficiency": 465.39051121292454,
      "fps_vs_neutral_efficiency": 61.05933923379542
    },
    "cpu_efficiency": {
      "fps_value": 22660.94660865204,
      "kuramoto_value": 225475.97075519565,
      "neutral_value": 1000000.0,
      "fps_vs_kuramoto_efficiency": -89.949728375822,
      "fps_vs_neutral_efficiency": -97.73390524140089
    },
    "global_score": {
      "fps": 0.6002244668911335,
      "kuramoto": 0.4104415121449557,
      "neutral": 0.3240211295170696,
      "fps_vs_kuramoto_efficiency": 46.23873294592906,
      "fps_vs_neutral_efficiency": 85.2423845631558
    }
  },
  "summary": {
    "fps_advantages": [
      "synchronization: +18.4% vs Kuramoto",
      "stability: +1308.7% vs Kuramoto",
      "innovation: +465.4% vs Kuramoto"
    ],
    "fps_disadvantages": [
      "resilience: -89.9% vs Kuramoto",
      "cpu_efficiency: -89.9% vs Kuramoto"
    ],
    "overall_verdict": "FPS surpasse les deux mod\u00e8les de contr\u00f4le (Kuramoto: +46.2%, Neutral: +85.2%)"
  }
}