{
  "metadata": {
    "timestamp": "2025-06-23T02:56:33.857304",
    "fps_run_id": "run_20250623-025633_seed12345",
    "kuramoto_run_id": "run_20250623-025633_seed12345",
    "neutral_run_id": "run_20250623-025633_seed12345"
  },
  "detailed_metrics": {
    "synchronization": {
      "fps_value": 0.9189623333081869,
      "kuramoto_value": 0.7762382860014279,
      "neutral_value": 0,
      "fps_vs_kuramoto_efficiency": 18.3866281607385,
      "fps_vs_neutral_efficiency": 918962333308.1869
    },
    "stability": {
      "fps_value": 4.356236493018483,
      "kuramoto_value": 0.30692830766026824,
      "neutral_value": 0.6320557848559905,
      "fps_vs_kuramoto_efficiency": 1315.016542690107,
      "fps_vs_neutral_efficiency": 588.2863402013902
    },
    "resilience": {
      "fps_value": 0.10101010101010101,
      "kuramoto_value": 1.0,
      "neutral_value": 0.1,
      "fps_vs_kuramoto_efficiency": -89.89898989,
      "fps_vs_neutral_efficiency": 1.0101010090909017
    },
    "innovation": {
      "fps_value": 0.8051571795960379,
      "kuramoto_value": 0.14243194390317127,
      "neutral_value": 0.5,
      "fps_vs_kuramoto_efficiency": 465.292558022034,
      "fps_vs_neutral_efficiency": 61.031435907001296
    },
    "cpu_efficiency": {
      "fps_value": 22393.007219191553,
      "kuramoto_value": 217682.75316094904,
      "neutral_value": 1000000.0,
      "fps_vs_kuramoto_efficiency": -89.71300767233276,
      "fps_vs_neutral_efficiency": -97.76069918032015
    },
    "global_score": {
      "fps": 0.6002244668911335,
      "kuramoto": 0.40889060663969135,
      "neutral": 0.3239668079779,
      "fps_vs_kuramoto_efficiency": 46.79341053516777,
      "fps_vs_neutral_efficiency": 85.27344531134976
    }
  },
  "summary": {
    "fps_advantages": [
      "synchronization: +18.4% vs Kuramoto",
      "stability: +1315.0% vs Kuramoto",
      "innovation: +465.3% vs Kuramoto"
    ],
    "fps_disadvantages": [
      "resilience: -89.9% vs Kuramoto",
      "cpu_efficiency: -89.7% vs Kuramoto"
    ],
    "overall_verdict": "FPS surpasse les deux mod\u00e8les de contr\u00f4le (Kuramoto: +46.8%, Neutral: +85.3%)"
  }
}