{
  "metadata": {
    "timestamp": "2025-06-23T19:20:45.388343",
    "fps_run_id": "run_20250623-192044_seed12345",
    "kuramoto_run_id": "run_20250623-192045_seed12345",
    "neutral_run_id": "run_20250623-192045_seed12345"
  },
  "detailed_metrics": {
    "synchronization": {
      "fps_value": 0.9189623333081869,
      "kuramoto_value": 0.7762382860014279,
      "neutral_value": 0,
      "fps_vs_kuramoto_efficiency": 18.3866281607385,
      "fps_vs_neutral_efficiency": 918962333308.1869
    },
    "stability": {
      "fps_value": 682.9796745221644,
      "kuramoto_value": 0.30692830766026824,
      "neutral_value": 0.6320557848559905,
      "fps_vs_kuramoto_efficiency": 221698.59971681607,
      "fps_vs_neutral_efficiency": 107786.333378587
    },
    "resilience": {
      "fps_value": 0.03861003861003861,
      "kuramoto_value": 1.0,
      "neutral_value": 0.1,
      "fps_vs_kuramoto_efficiency": -96.13899612938224,
      "fps_vs_neutral_efficiency": -61.38996132857143
    },
    "innovation": {
      "fps_value": 0.9775044027532084,
      "kuramoto_value": 0.14243194390317127,
      "neutral_value": 0.5,
      "fps_vs_kuramoto_efficiency": 586.295767213178,
      "fps_vs_neutral_efficiency": 95.5008805315415
    },
    "fluidity": {
      "fps_value": 0.9900990099009901,
      "kuramoto_value": 0.2553948186233467,
      "neutral_value": 0.9900990099009901,
      "fps_vs_kuramoto_efficiency": 287.673882716275,
      "fps_vs_neutral_efficiency": 0.0
    },
    "cpu_efficiency": {
      "fps_value": 57437.150661509455,
      "kuramoto_value": 220493.31940521926,
      "neutral_value": 1000000.0,
      "fps_vs_kuramoto_efficiency": -73.95061602956847,
      "fps_vs_neutral_efficiency": -94.25628483959277
    },
    "global_score": {
      "fps": 0.6666666666666666,
      "kuramoto": 0.3362803914730946,
      "neutral": 0.41541995639620843,
      "fps_vs_kuramoto_efficiency": 98.2472613547432,
      "fps_vs_neutral_efficiency": 60.4801734585785
    }
  },
  "summary": {
    "fps_advantages": [
      "synchronization: +18.4% vs Kuramoto",
      "stability: +221698.6% vs Kuramoto",
      "innovation: +586.3% vs Kuramoto",
      "fluidity: +287.7% vs Kuramoto"
    ],
    "fps_disadvantages": [
      "resilience: -96.1% vs Kuramoto",
      "cpu_efficiency: -74.0% vs Kuramoto"
    ],
    "overall_verdict": "FPS surpasse les deux mod\u00e8les de contr\u00f4le (Kuramoto: +98.2%, Neutral: +60.5%)"
  }
}