{
  "metadata": {
    "timestamp": "2025-06-23T17:17:54.530720",
    "fps_run_id": "run_20250623-171753_seed12345",
    "kuramoto_run_id": "run_20250623-171754_seed12345",
    "neutral_run_id": "run_20250623-171754_seed12345"
  },
  "detailed_metrics": {
    "synchronization": {
      "fps_value": 0.9189623333081869,
      "kuramoto_value": 0.7762382860014279,
      "neutral_value": 0,
      "fps_vs_kuramoto_efficiency": 18.3866281607385,
      "fps_vs_neutral_efficiency": 918962333308.1869
    },
    "stability": {
      "fps_value": 4.231600818067194,
      "kuramoto_value": 0.30692830766026824,
      "neutral_value": 0.6320557848559905,
      "fps_vs_kuramoto_efficiency": 1274.5409930732794,
      "fps_vs_neutral_efficiency": 568.598395168293
    },
    "resilience": {
      "fps_value": 0.052083333333333336,
      "kuramoto_value": 1.0,
      "neutral_value": 0.1,
      "fps_vs_kuramoto_efficiency": -94.7916666571875,
      "fps_vs_neutral_efficiency": -47.91666661875
    },
    "innovation": {
      "fps_value": 0.8016075818910298,
      "kuramoto_value": 0.14243194390317127,
      "neutral_value": 0.5,
      "fps_vs_kuramoto_efficiency": 462.80042205502843,
      "fps_vs_neutral_efficiency": 60.32151636614165
    },
    "cpu_efficiency": {
      "fps_value": 29434.60699978283,
      "kuramoto_value": 232201.97410681073,
      "neutral_value": 1000000.0,
      "fps_vs_kuramoto_efficiency": -87.323704724629,
      "fps_vs_neutral_efficiency": -97.05653920296517
    },
    "global_score": {
      "fps": 0.6,
      "kuramoto": 0.41072134831174767,
      "neutral": 0.33516774108222097,
      "fps_vs_kuramoto_efficiency": 46.08444445855799,
      "fps_vs_neutral_efficiency": 79.01484133993593
    }
  },
  "summary": {
    "fps_advantages": [
      "synchronization: +18.4% vs Kuramoto",
      "stability: +1274.5% vs Kuramoto",
      "innovation: +462.8% vs Kuramoto"
    ],
    "fps_disadvantages": [
      "resilience: -94.8% vs Kuramoto",
      "cpu_efficiency: -87.3% vs Kuramoto"
    ],
    "overall_verdict": "FPS surpasse les deux mod\u00e8les de contr\u00f4le (Kuramoto: +46.1%, Neutral: +79.0%)"
  }
}