{
  "metadata": {
    "timestamp": "2025-06-30T20:34:03.264752",
    "fps_run_id": "run_20250630-203359_seed12345",
    "kuramoto_run_id": "run_20250630-203402_seed12345",
    "neutral_run_id": "run_20250630-203402_seed12345"
  },
  "detailed_metrics": {
    "synchronization": {
      "fps_value": 0.990958030250303,
      "kuramoto_value": 0.8594022064461299,
      "neutral_value": 0,
      "fps_vs_kuramoto_efficiency": 15.30782941934554,
      "fps_vs_neutral_efficiency": 990958030250.3031
    },
    "stability": {
      "fps_value": 4.441191514729874,
      "kuramoto_value": 0.29703021462880813,
      "neutral_value": 0.6320557848559879,
      "fps_vs_kuramoto_efficiency": 1390.5171679531056,
      "fps_vs_neutral_efficiency": 601.7061720303868
    },
    "resilience": {
      "fps_value": 0.7397877517040676,
      "kuramoto_value": 1.0,
      "neutral_value": 0.1,
      "fps_vs_kuramoto_efficiency": -26.021224826991112,
      "fps_vs_neutral_efficiency": 639.78775106428
    },
    "continuous_resilience": {
      "fps_value": 0.7392632348771889,
      "kuramoto_value": 0.5,
      "neutral_value": 0.3,
      "fps_vs_kuramoto_efficiency": 47.85264696586726,
      "fps_vs_neutral_efficiency": 146.4210782435893
    },
    "innovation": {
      "fps_value": 0.8977344109813209,
      "kuramoto_value": 0.008169994466114598,
      "neutral_value": 0.5,
      "fps_vs_kuramoto_efficiency": 10888.188594454063,
      "fps_vs_neutral_efficiency": 79.5468821803548
    },
    "fluidity": {
      "fps_value": 0.40068282616700546,
      "kuramoto_value": 0.9926941796545771,
      "neutral_value": 0.5,
      "fps_vs_kuramoto_efficiency": -59.636831318375826,
      "fps_vs_neutral_efficiency": -19.863434762626223
    },
    "cpu_efficiency": {
      "fps_value": 45955.175918828085,
      "kuramoto_value": 224941.58604417936,
      "neutral_value": 1000000.0,
      "fps_vs_kuramoto_efficiency": -79.57017307350894,
      "fps_vs_neutral_efficiency": -95.4044823127127
    },
    "global_score": {
      "fps": 0.6729821828101695,
      "kuramoto": 0.5014513740075597,
      "neutral": 0.2573562356137424,
      "fps_vs_kuramoto_efficiency": 34.20686783596629,
      "fps_vs_neutral_efficiency": 161.49830061189127
    }
  },
  "summary": {
    "fps_advantages": [
      "synchronization: +15.3% vs Kuramoto",
      "stability: +1390.5% vs Kuramoto",
      "continuous_resilience: +47.9% vs Kuramoto",
      "innovation: +10888.2% vs Kuramoto"
    ],
    "fps_disadvantages": [
      "resilience: -26.0% vs Kuramoto",
      "fluidity: -59.6% vs Kuramoto",
      "cpu_efficiency: -79.6% vs Kuramoto"
    ],
    "overall_verdict": "FPS surpasse les deux mod\u00e8les de contr\u00f4le (Kuramoto: +34.2%, Neutral: +161.5%)"
  }
}