{
  "metadata": {
    "timestamp": "2025-06-23T18:01:57.172933",
    "fps_run_id": "run_20250623-180156_seed12345",
    "kuramoto_run_id": "run_20250623-180156_seed12345",
    "neutral_run_id": "run_20250623-180157_seed12345"
  },
  "detailed_metrics": {
    "synchronization": {
      "fps_value": 0.9189623333081869,
      "kuramoto_value": 0.7762382860014279,
      "neutral_value": 0,
      "fps_vs_kuramoto_efficiency": 18.3866281607385,
      "fps_vs_neutral_efficiency": 918962333308.1869
    },
    "stability": {
      "fps_value": 4.23058599932223,
      "kuramoto_value": 0.30692830766026824,
      "neutral_value": 0.6320557848559905,
      "fps_vs_kuramoto_efficiency": 1274.211429756196,
      "fps_vs_neutral_efficiency": 568.4380903785351
    },
    "resilience": {
      "fps_value": 0.11627906976744184,
      "kuramoto_value": 1.0,
      "neutral_value": 0.1,
      "fps_vs_kuramoto_efficiency": -88.37209301441861,
      "fps_vs_neutral_efficiency": 16.27906975116277
    },
    "innovation": {
      "fps_value": 0.8010435548072166,
      "kuramoto_value": 0.14243194390317127,
      "neutral_value": 0.5,
      "fps_vs_kuramoto_efficiency": 462.4044244522712,
      "fps_vs_neutral_efficiency": 60.20871094940156
    },
    "cpu_efficiency": {
      "fps_value": 28853.245641010697,
      "kuramoto_value": 227751.315605502,
      "neutral_value": 1000000.0,
      "fps_vs_kuramoto_efficiency": -87.33124924542646,
      "fps_vs_neutral_efficiency": -97.11467533878425
    },
    "global_score": {
      "fps": 0.6036175710594315,
      "kuramoto": 0.4098994842113945,
      "neutral": 0.3251550453117854,
      "fps_vs_kuramoto_efficiency": 47.25990011269989,
      "fps_vs_neutral_efficiency": 85.63992153189362
    }
  },
  "summary": {
    "fps_advantages": [
      "synchronization: +18.4% vs Kuramoto",
      "stability: +1274.2% vs Kuramoto",
      "innovation: +462.4% vs Kuramoto"
    ],
    "fps_disadvantages": [
      "resilience: -88.4% vs Kuramoto",
      "cpu_efficiency: -87.3% vs Kuramoto"
    ],
    "overall_verdict": "FPS surpasse les deux mod\u00e8les de contr\u00f4le (Kuramoto: +47.3%, Neutral: +85.6%)"
  }
}