{
  "metadata": {
    "timestamp": "2025-06-29T21:11:38.271237",
    "fps_run_id": "run_20250629-211137_seed12345",
    "kuramoto_run_id": "run_20250629-211137_seed12345",
    "neutral_run_id": "run_20250629-211138_seed12345"
  },
  "detailed_metrics": {
    "synchronization": {
      "fps_value": 0.990958030250303,
      "kuramoto_value": 0.7762382860014279,
      "neutral_value": 0,
      "fps_vs_kuramoto_efficiency": 27.661576102781748,
      "fps_vs_neutral_efficiency": 990958030250.3031
    },
    "stability": {
      "fps_value": 4.8046577261594585,
      "kuramoto_value": 0.30692830766026824,
      "neutral_value": 0.6320557848559905,
      "fps_vs_kuramoto_efficiency": 1460.6417489428918,
      "fps_vs_neutral_efficiency": 659.1207348737307
    },
    "resilience": {
      "fps_value": 0.5,
      "kuramoto_value": 1.0,
      "neutral_value": 0.1,
      "fps_vs_kuramoto_efficiency": -49.999999994999996,
      "fps_vs_neutral_efficiency": 399.9999996
    },
    "continuous_resilience": {
      "fps_value": 1.0,
      "kuramoto_value": 0.5,
      "neutral_value": 0.3,
      "fps_vs_kuramoto_efficiency": 99.99999998,
      "fps_vs_neutral_efficiency": 233.33333325555557
    },
    "innovation": {
      "fps_value": 0.832343106533243,
      "kuramoto_value": 0.14243194390317127,
      "neutral_value": 0.5,
      "fps_vs_kuramoto_efficiency": 484.37951715010695,
      "fps_vs_neutral_efficiency": 66.46862129335487
    },
    "fluidity": {
      "fps_value": 0.9900990099009901,
      "kuramoto_value": 0.2553948186233467,
      "neutral_value": 0.9900990099009901,
      "fps_vs_kuramoto_efficiency": 287.673882716275,
      "fps_vs_neutral_efficiency": 0.0
    },
    "cpu_efficiency": {
      "fps_value": 45286.035293833644,
      "kuramoto_value": 217694.3538183072,
      "neutral_value": 969229.6717638504,
      "fps_vs_kuramoto_efficiency": -79.19742276659841,
      "fps_vs_neutral_efficiency": -95.32762589029117
    },
    "global_score": {
      "fps": 0.7777777777777778,
      "kuramoto": 0.3222336869730702,
      "neutral": 0.3700811896129154,
      "fps_vs_kuramoto_efficiency": 141.37072226759696,
      "fps_vs_neutral_efficiency": 110.1640935820398
    }
  },
  "summary": {
    "fps_advantages": [
      "synchronization: +27.7% vs Kuramoto",
      "stability: +1460.6% vs Kuramoto",
      "continuous_resilience: +100.0% vs Kuramoto",
      "innovation: +484.4% vs Kuramoto",
      "fluidity: +287.7% vs Kuramoto"
    ],
    "fps_disadvantages": [
      "resilience: -50.0% vs Kuramoto",
      "cpu_efficiency: -79.2% vs Kuramoto"
    ],
    "overall_verdict": "FPS surpasse les deux mod\u00e8les de contr\u00f4le (Kuramoto: +141.4%, Neutral: +110.2%)"
  }
}