{
  "metadata": {
    "timestamp": "2025-06-24T16:39:42.379902",
    "fps_run_id": "run_20250624-163941_seed12345",
    "kuramoto_run_id": "run_20250624-163942_seed12345",
    "neutral_run_id": "run_20250624-163942_seed12345"
  },
  "detailed_metrics": {
    "synchronization": {
      "fps_value": 0.9189623333081869,
      "kuramoto_value": 0.7762382860014279,
      "neutral_value": 0,
      "fps_vs_kuramoto_efficiency": 18.3866281607385,
      "fps_vs_neutral_efficiency": 918962333308.1869
    },
    "stability": {
      "fps_value": 26.073693889195003,
      "kuramoto_value": 0.30692830766026824,
      "neutral_value": 0.6320557848559905,
      "fps_vs_kuramoto_efficiency": 8367.78072705246,
      "fps_vs_neutral_efficiency": 4018.861957027461
    },
    "resilience": {
      "fps_value": 0.03861003861003861,
      "kuramoto_value": 1.0,
      "neutral_value": 0.1,
      "fps_vs_kuramoto_efficiency": -96.13899612938224,
      "fps_vs_neutral_efficiency": -61.38996132857143
    },
    "continuous_resilience": {
      "fps_value": 1.0,
      "kuramoto_value": 0.9187922332180221,
      "neutral_value": 0.3,
      "fps_vs_kuramoto_efficiency": 8.838534310277463,
      "fps_vs_neutral_efficiency": 233.33333325555557
    },
    "innovation": {
      "fps_value": 0.824643953922547,
      "kuramoto_value": 0.14243194390317127,
      "neutral_value": 0.5,
      "fps_vs_kuramoto_efficiency": 478.9740214485777,
      "fps_vs_neutral_efficiency": 64.92879077152364
    },
    "fluidity": {
      "fps_value": 0.9900990099009901,
      "kuramoto_value": 0.2553948186233467,
      "neutral_value": 0.9900990099009901,
      "fps_vs_kuramoto_efficiency": 287.673882716275,
      "fps_vs_neutral_efficiency": 0.0
    },
    "cpu_efficiency": {
      "fps_value": 58772.398807684345,
      "kuramoto_value": 232439.90870515927,
      "neutral_value": 1000000.0,
      "fps_vs_kuramoto_efficiency": -74.71501349220331,
      "fps_vs_neutral_efficiency": -94.1227600251088
    },
    "global_score": {
      "fps": 0.7142857142857143,
      "kuramoto": 0.41617008600926697,
      "neutral": 0.37151484563966874,
      "fps_vs_kuramoto_efficiency": 71.63312266470204,
      "fps_vs_neutral_efficiency": 92.26303405550449
    }
  },
  "summary": {
    "fps_advantages": [
      "synchronization: +18.4% vs Kuramoto",
      "stability: +8367.8% vs Kuramoto",
      "innovation: +479.0% vs Kuramoto",
      "fluidity: +287.7% vs Kuramoto"
    ],
    "fps_disadvantages": [
      "resilience: -96.1% vs Kuramoto",
      "cpu_efficiency: -74.7% vs Kuramoto"
    ],
    "overall_verdict": "FPS surpasse les deux mod\u00e8les de contr\u00f4le (Kuramoto: +71.6%, Neutral: +92.3%)"
  }
}