{
  "strata_0": {
    "id": 0,
    "amplitude": {
      "mean": 0.08767366000000001,
      "std": 0.023395487976624895,
      "min": 0.002241,
      "max": 0.121934,
      "range": 0.119693,
      "variability_score": 0.2668473969256006
    },
    "phase": {
      "mean": 0.01641572,
      "std": 0.09044607384006008,
      "min": -0.13,
      "max": 0.13,
      "range": 0.26,
      "max_excursion": 0.13,
      "spiral_activity": 0.0
    },
    "output": {
      "mean": 0.00020307999999999993,
      "std": 0.01872709203036072,
      "min": -0.040718,
      "max": 0.034858
    },
    "error": {
      "mean": 0.00861694,
      "std": 0.045630864743684184,
      "rmse": 0.04643734996982494,
      "max_abs": 0.268941
    },
    "regulation": {
      "mean": -0.00548802,
      "std": 0.026126898704966876,
      "effectiveness": 0.5725707543450851
    }
  },
  "strata_1": {
    "id": 1,
    "amplitude": {
      "mean": 0.16372754,
      "std": 0.05429687028483685,
      "min": 1e-06,
      "max": 0.251507,
      "range": 0.251506,
      "variability_score": 0.33162942686168684
    },
    "phase": {
      "mean": 0.00400386,
      "std": 0.074907341157996,
      "min": -0.12317,
      "max": 0.12825,
      "range": 0.25142,
      "max_excursion": 0.12825,
      "spiral_activity": 0.0
    },
    "output": {
      "mean": 0.0055324400000000004,
      "std": 0.03663622235774862,
      "min": -0.076041,
      "max": 0.095256
    },
    "error": {
      "mean": 0.013068779999999997,
      "std": 0.08545777295513615,
      "rmse": 0.08645128089935972,
      "max_abs": 0.5
    },
    "regulation": {
      "mean": -0.0068877,
      "std": 0.05499332906971536,
      "effectiveness": 0.6435146517828687
    }
  },
  "strata_2": {
    "id": 2,
    "amplitude": {
      "mean": 0.20000015999999998,
      "std": 0.06059431094264873,
      "min": 0.0,
      "max": 0.288752,
      "range": 0.288752,
      "variability_score": 0.30297131218470824
    },
    "phase": {
      "mean": 0.008853179999999999,
      "std": 0.08264423949960215,
      "min": -0.126481,
      "max": 0.1283,
      "range": 0.25478100000000004,
      "max_excursion": 0.1283,
      "spiral_activity": 0.0
    },
    "output": {
      "mean": -0.00456558,
      "std": 0.03926183701106712,
      "min": -0.086038,
      "max": 0.110644
    },
    "error": {
      "mean": 0.029340319999999993,
      "std": 0.11095081030951329,
      "rmse": 0.11476470139393906,
      "max_abs": 0.7
    },
    "regulation": {
      "mean": -0.010220839999999995,
      "std": 0.06322960174644784,
      "effectiveness": 0.5698885975962762
    }
  },
  "strata_3": {
    "id": 3,
    "amplitude": {
      "mean": 0.12474748,
      "std": 0.041496207458629274,
      "min": 4.2e-05,
      "max": 0.190502,
      "range": 0.19046000000000002,
      "variability_score": 0.332641648756072
    },
    "phase": {
      "mean": 0.0080422,
      "std": 0.08281593768472346,
      "min": -0.124727,
      "max": 0.1283,
      "range": 0.253027,
      "max_excursion": 0.1283,
      "spiral_activity": 0.0
    },
    "output": {
      "mean": -0.00409456,
      "std": 0.02911005400074689,
      "min": -0.067127,
      "max": 0.075882
    },
    "error": {
      "mean": 0.014141840000000001,
      "std": 0.06632073386396142,
      "rmse": 0.067811734816623,
      "max_abs": 0.4
    },
    "regulation": {
      "mean": -0.009251200000000001,
      "std": 0.0399719803617484,
      "effectiveness": 0.6027071471113259
    }
  },
  "strata_4": {
    "id": 4,
    "amplitude": {
      "mean": 0.17347652,
      "std": 0.05597923045424615,
      "min": 0.0,
      "max": 0.259437,
      "range": 0.259437,
      "variability_score": 0.3226905313870551
    },
    "phase": {
      "mean": 0.0037273000000000002,
      "std": 0.0744648736262273,
      "min": -0.116854,
      "max": 0.128433,
      "range": 0.24528699999999998,
      "max_excursion": 0.128433,
      "spiral_activity": 0.0
    },
    "output": {
      "mean": 0.006332140000000001,
      "std": 0.03424973162698359,
      "min": -0.076986,
      "max": 0.077705
    },
    "error": {
      "mean": 0.011408320000000003,
      "std": 0.09946186589471163,
      "rmse": 0.10011399768503902,
      "max_abs": 0.6
    },
    "regulation": {
      "mean": -0.0061959400000000005,
      "std": 0.05741923734582688,
      "effectiveness": 0.5772990157743456
    }
  }
}