{
  "strata_0": {
    "id": 0,
    "amplitude": {
      "mean": 0.08940841,
      "std": 0.02173181270676471,
      "min": 0.002241,
      "max": 0.121935,
      "range": 0.119694,
      "variability_score": 0.24306228779214933
    },
    "phase": {
      "mean": 1.3877787807814457e-19,
      "std": 0.09192370823786429,
      "min": -0.13,
      "max": 0.13,
      "range": 0.26,
      "max_excursion": 0.13,
      "spiral_activity": 0.0
    },
    "output": {
      "mean": 4.3629999999999926e-05,
      "std": 0.013928148901885706,
      "min": -0.040213,
      "max": 0.034524
    },
    "error": {
      "mean": 0.0043501799999999995,
      "std": 0.03292291058135049,
      "rmse": 0.03320906664120508,
      "max_abs": 0.268941
    },
    "regulation": {
      "mean": -0.0027395600000000003,
      "std": 0.01888282690029223,
      "effectiveness": 0.573546703784869
    }
  },
  "strata_1": {
    "id": 1,
    "amplitude": {
      "mean": 0.17055141,
      "std": 0.05128112366301951,
      "min": 1e-06,
      "max": 0.252126,
      "range": 0.25212500000000004,
      "variability_score": 0.300678391535735
    },
    "phase": {
      "mean": 0.00027540999999999926,
      "std": 0.07309490608395294,
      "min": -0.125844,
      "max": 0.12825,
      "range": 0.25409400000000004,
      "max_excursion": 0.12825,
      "spiral_activity": 0.0
    },
    "output": {
      "mean": 0.00417789,
      "std": 0.026723238221403857,
      "min": -0.072521,
      "max": 0.093277
    },
    "error": {
      "mean": 0.004944400000000001,
      "std": 0.06123578310318241,
      "rmse": 0.061435073236873416,
      "max_abs": 0.5
    },
    "regulation": {
      "mean": -0.0026146999999999993,
      "std": 0.03897646814361199,
      "effectiveness": 0.6364982385264306
    }
  },
  "strata_2": {
    "id": 2,
    "amplitude": {
      "mean": 0.20900671000000004,
      "std": 0.05389806912112809,
      "min": 0.0,
      "max": 0.289741,
      "range": 0.289741,
      "variability_score": 0.2578772188478559
    },
    "phase": {
      "mean": 0.0054818900000000005,
      "std": 0.07030235930235841,
      "min": -0.126481,
      "max": 0.1283,
      "range": 0.25478100000000004,
      "max_excursion": 0.1283,
      "spiral_activity": 0.0
    },
    "output": {
      "mean": -0.0009628000000000007,
      "std": 0.030112313960238925,
      "min": -0.082734,
      "max": 0.108462
    },
    "error": {
      "mean": 0.01431118,
      "std": 0.08064837044657258,
      "rmse": 0.08190829951036709,
      "max_abs": 0.7
    },
    "regulation": {
      "mean": -0.00489562,
      "std": 0.04587977921127782,
      "effectiveness": 0.5688866235032399
    }
  },
  "strata_3": {
    "id": 3,
    "amplitude": {
      "mean": 0.13172261,
      "std": 0.03825091496628414,
      "min": 4.2e-05,
      "max": 0.190503,
      "range": 0.19046100000000002,
      "variability_score": 0.29038989538124965
    },
    "phase": {
      "mean": 0.00637448,
      "std": 0.07087053664301972,
      "min": -0.124727,
      "max": 0.1283,
      "range": 0.253027,
      "max_excursion": 0.1283,
      "spiral_activity": 0.0
    },
    "output": {
      "mean": -0.0015962399999999999,
      "std": 0.021707763445422006,
      "min": -0.06625,
      "max": 0.075865
    },
    "error": {
      "mean": 0.006509019999999999,
      "std": 0.048025948406664506,
      "rmse": 0.048465029265646796,
      "max_abs": 0.4
    },
    "regulation": {
      "mean": -0.004524510000000001,
      "std": 0.028885651727283218,
      "effectiveness": 0.6014592657815969
    }
  },
  "strata_4": {
    "id": 4,
    "amplitude": {
      "mean": 0.18353305999999997,
      "std": 0.05049405364195273,
      "min": 0.0,
      "max": 0.259439,
      "range": 0.259439,
      "variability_score": 0.27512238729327837
    },
    "phase": {
      "mean": 3.205999999999944e-05,
      "std": 0.07226678957305631,
      "min": -0.123796,
      "max": 0.128433,
      "range": 0.252229,
      "max_excursion": 0.128433,
      "spiral_activity": 0.0
    },
    "output": {
      "mean": 0.0037865900000000003,
      "std": 0.026261488108671602,
      "min": -0.074647,
      "max": 0.076201
    },
    "error": {
      "mean": 0.0054176499999999995,
      "std": 0.07160221979734635,
      "rmse": 0.07180688554330984,
      "max_abs": 0.6
    },
    "regulation": {
      "mean": -0.0025905899999999985,
      "std": 0.0415441329805052,
      "effectiveness": 0.5802073321199483
    }
  }
}