{
  "strata_0": {
    "id": 0,
    "amplitude": {
      "mean": 0.0913465626,
      "std": 0.01982007054473019,
      "min": 0.002241,
      "max": 0.121935,
      "range": 0.119694,
      "variability_score": 0.21697664322436722
    },
    "phase": {
      "mean": -6.661338147750939e-20,
      "std": 0.09192370823786429,
      "min": -0.13,
      "max": 0.13,
      "range": 0.26,
      "max_excursion": 0.13,
      "spiral_activity": 0.0
    },
    "output": {
      "mean": -7.24178e-05,
      "std": 0.0068505865372275355,
      "min": -0.039322,
      "max": 0.034159
    },
    "error": {
      "mean": 0.00019611019999999998,
      "std": 0.008403745281269295,
      "rmse": 0.008406033188311833,
      "max_abs": 0.268941
    },
    "regulation": {
      "mean": -7.79704e-05,
      "std": 0.0034566887640520723,
      "effectiveness": 0.4113271651181294
    }
  },
  "strata_1": {
    "id": 1,
    "amplitude": {
      "mean": 0.1790159378,
      "std": 0.046735841808273136,
      "min": 1e-06,
      "max": 0.252128,
      "range": 0.25212700000000005,
      "variability_score": 0.2610708429457282
    },
    "phase": {
      "mean": 0.00010610180000000001,
      "std": 0.07379769470850858,
      "min": -0.13,
      "max": 0.129996,
      "range": 0.259996,
      "max_excursion": 0.13,
      "spiral_activity": 0.0
    },
    "output": {
      "mean": -0.00021515099999999996,
      "std": 0.013494327327310502,
      "min": -0.07293,
      "max": 0.086897
    },
    "error": {
      "mean": 0.00046877640000000004,
      "std": 0.01627373066103784,
      "rmse": 0.0162804809800325,
      "max_abs": 0.5
    },
    "regulation": {
      "mean": -0.0001182128,
      "std": 0.00690122883613608,
      "effectiveness": 0.4240717102595079
    }
  },
  "strata_2": {
    "id": 2,
    "amplitude": {
      "mean": 0.2194694592,
      "std": 0.04451297092825343,
      "min": 0.0,
      "max": 0.289751,
      "range": 0.289751,
      "variability_score": 0.2028207982569784
    },
    "phase": {
      "mean": 9.324159999999992e-05,
      "std": 0.07389709257816325,
      "min": -0.129898,
      "max": 0.129875,
      "range": 0.25977300000000003,
      "max_excursion": 0.129898,
      "spiral_activity": 0.0
    },
    "output": {
      "mean": -0.0005151397999999999,
      "std": 0.016190576317384627,
      "min": -0.077668,
      "max": 0.103403
    },
    "error": {
      "mean": 0.0006675461999999998,
      "std": 0.020296635163964138,
      "rmse": 0.020307609827554793,
      "max_abs": 0.7
    },
    "regulation": {
      "mean": -0.00016795700000000002,
      "std": 0.008305231857133851,
      "effectiveness": 0.409192545913236
    }
  },
  "strata_3": {
    "id": 3,
    "amplitude": {
      "mean": 0.1395782722,
      "std": 0.032783305891842376,
      "min": 4.2e-05,
      "max": 0.190505,
      "range": 0.19046300000000002,
      "variability_score": 0.2348739911422616
    },
    "phase": {
      "mean": 0.00013310600000000002,
      "std": 0.07388427971509207,
      "min": -0.129898,
      "max": 0.129875,
      "range": 0.25977300000000003,
      "max_excursion": 0.129898,
      "spiral_activity": 0.0
    },
    "output": {
      "mean": 4.1323200000000004e-05,
      "std": 0.01055749750838435,
      "min": -0.066094,
      "max": 0.075586
    },
    "error": {
      "mean": 0.0001573322,
      "std": 0.012747699336831064,
      "rmse": 0.012748670197451968,
      "max_abs": 0.4
    },
    "regulation": {
      "mean": -9.586580000000002e-05,
      "std": 0.0053230501348559885,
      "effectiveness": 0.4175694729259509
    }
  },
  "strata_4": {
    "id": 4,
    "amplitude": {
      "mean": 0.194945548,
      "std": 0.04113097576547019,
      "min": 0.0,
      "max": 0.25944,
      "range": 0.25944,
      "variability_score": 0.21098699696579626
    },
    "phase": {
      "mean": 0.00014885839999999995,
      "std": 0.07380685132906802,
      "min": -0.13,
      "max": 0.129996,
      "range": 0.259996,
      "max_excursion": 0.13,
      "spiral_activity": 0.0
    },
    "output": {
      "mean": 0.0001245128,
      "std": 0.014419100075949128,
      "min": -0.068739,
      "max": 0.073581
    },
    "error": {
      "mean": -2.7528800000000074e-05,
      "std": 0.018009695025690206,
      "rmse": 0.01800971606531319,
      "max_abs": 0.6
    },
    "regulation": {
      "mean": -1.9008600000000013e-05,
      "std": 0.007420752226730525,
      "effectiveness": 0.4120420792767934
    }
  }
}