{
  "metadata": {
    "timestamp": "2025-06-23T20:04:01.247303",
    "fps_run_id": "run_20250623-200400_seed12345",
    "kuramoto_run_id": "run_20250623-200400_seed12345",
    "neutral_run_id": "run_20250623-200401_seed12345"
  },
  "detailed_metrics": {
    "synchronization": {
      "fps_value": 0.9189623333081869,
      "kuramoto_value": 0.7762382860014279,
      "neutral_value": 0,
      "fps_vs_kuramoto_efficiency": 18.3866281607385,
      "fps_vs_neutral_efficiency": 918962333308.1869
    },
    "stability": {
      "fps_value": 209.61776698051295,
      "kuramoto_value": 0.30692830766026824,
      "neutral_value": 0.6320557848559905,
      "fps_vs_kuramoto_efficiency": 67973.8866047293,
      "fps_vs_neutral_efficiency": 33012.210960713
    },
    "resilience": {
      "fps_value": 0.03861003861003861,
      "kuramoto_value": 1.0,
      "neutral_value": 0.1,
      "fps_vs_kuramoto_efficiency": -96.13899612938224,
      "fps_vs_neutral_efficiency": -61.38996132857143
    },
    "innovation": {
      "fps_value": 0.8246727151416757,
      "kuramoto_value": 0.14243194390317127,
      "neutral_value": 0.5,
      "fps_vs_kuramoto_efficiency": 478.9942144041187,
      "fps_vs_neutral_efficiency": 64.93454301534824
    },
    "fluidity": {
      "fps_value": 0.9900990099009901,
      "kuramoto_value": 0.2553948186233467,
      "neutral_value": 0.9900990099009901,
      "fps_vs_kuramoto_efficiency": 287.673882716275,
      "fps_vs_neutral_efficiency": 0.0
    },
    "cpu_efficiency": {
      "fps_value": 48303.22741298733,
      "kuramoto_value": 226039.63993873703,
      "neutral_value": 1000000.0,
      "fps_vs_kuramoto_efficiency": -78.63063831972781,
      "fps_vs_neutral_efficiency": -95.16967716353159
    },
    "global_score": {
      "fps": 0.6666666666666666,
      "kuramoto": 0.3385745649342475,
      "neutral": 0.4315861755166921,
      "fps_vs_kuramoto_efficiency": 96.9039424740107,
      "fps_vs_neutral_efficiency": 54.46895763379557
    }
  },
  "summary": {
    "fps_advantages": [
      "synchronization: +18.4% vs Kuramoto",
      "stability: +67973.9% vs Kuramoto",
      "innovation: +479.0% vs Kuramoto",
      "fluidity: +287.7% vs Kuramoto"
    ],
    "fps_disadvantages": [
      "resilience: -96.1% vs Kuramoto",
      "cpu_efficiency: -78.6% vs Kuramoto"
    ],
    "overall_verdict": "FPS surpasse les deux mod\u00e8les de contr\u00f4le (Kuramoto: +96.9%, Neutral: +54.5%)"
  }
}