{
  "metadata": {
    "timestamp": "2025-06-23T02:13:33.901013",
    "fps_run_id": "run_20250623-021333_seed12345",
    "kuramoto_run_id": "run_20250623-021333_seed12345",
    "neutral_run_id": "run_20250623-021333_seed12345"
  },
  "detailed_metrics": {
    "synchronization": {
      "fps_value": 0.9189623333081869,
      "kuramoto_value": 0.7762382860014279,
      "neutral_value": 0,
      "fps_vs_kuramoto_efficiency": 18.3866281607385,
      "fps_vs_neutral_efficiency": 918962333308.1869
    },
    "stability": {
      "fps_value": 4.32768650973878,
      "kuramoto_value": 0.30692830766026824,
      "neutral_value": 0.6320557848559905,
      "fps_vs_kuramoto_efficiency": 1305.744909465921,
      "fps_vs_neutral_efficiency": 583.7764717249182
    },
    "resilience": {
      "fps_value": 0.10101010101010101,
      "kuramoto_value": 1.0,
      "neutral_value": 0.1,
      "fps_vs_kuramoto_efficiency": -89.89898989,
      "fps_vs_neutral_efficiency": 1.0101010090909017
    },
    "innovation": {
      "fps_value": 0.8058041790165956,
      "kuramoto_value": 0.14243194390317127,
      "neutral_value": 0.5,
      "fps_vs_kuramoto_efficiency": 465.7468096473178,
      "fps_vs_neutral_efficiency": 61.16083579108695
    },
    "cpu_efficiency": {
      "fps_value": 22675.41117595177,
      "kuramoto_value": 224286.63616790052,
      "neutral_value": 1000000.0,
      "fps_vs_kuramoto_efficiency": -89.88998521611566,
      "fps_vs_neutral_efficiency": -97.73245878467235
    },
    "global_score": {
      "fps": 0.6002244668911335,
      "kuramoto": 0.4101957805801332,
      "neutral": 0.3239755880711053,
      "fps_vs_kuramoto_efficiency": 46.3263386073644,
      "fps_vs_neutral_efficiency": 85.26842419810019
    }
  },
  "summary": {
    "fps_advantages": [
      "synchronization: +18.4% vs Kuramoto",
      "stability: +1305.7% vs Kuramoto",
      "innovation: +465.7% vs Kuramoto"
    ],
    "fps_disadvantages": [
      "resilience: -89.9% vs Kuramoto",
      "cpu_efficiency: -89.9% vs Kuramoto"
    ],
    "overall_verdict": "FPS surpasse les deux mod\u00e8les de contr\u00f4le (Kuramoto: +46.3%, Neutral: +85.3%)"
  }
}