{
  "metadata": {
    "timestamp": "2025-06-23T20:37:42.109990",
    "fps_run_id": "run_20250623-203741_seed12345",
    "kuramoto_run_id": "run_20250623-203741_seed12345",
    "neutral_run_id": "run_20250623-203741_seed12345"
  },
  "detailed_metrics": {
    "synchronization": {
      "fps_value": 0.9189623333081869,
      "kuramoto_value": 0.7762382860014279,
      "neutral_value": 0,
      "fps_vs_kuramoto_efficiency": 18.3866281607385,
      "fps_vs_neutral_efficiency": 918962333308.1869
    },
    "stability": {
      "fps_value": 387.5027420638556,
      "kuramoto_value": 0.30692830766026824,
      "neutral_value": 0.6320557848559905,
      "fps_vs_kuramoto_efficiency": 125742.19522012294,
      "fps_vs_neutral_efficiency": 61111.626421201756
    },
    "resilience": {
      "fps_value": 0.03861003861003861,
      "kuramoto_value": 1.0,
      "neutral_value": 0.1,
      "fps_vs_kuramoto_efficiency": -96.13899612938224,
      "fps_vs_neutral_efficiency": -61.38996132857143
    },
    "continuous_resilience": {
      "fps_value": 1.0,
      "kuramoto_value": 0.9187922332180221,
      "neutral_value": 0.3,
      "fps_vs_kuramoto_efficiency": 8.838534310277463,
      "fps_vs_neutral_efficiency": 233.33333325555557
    },
    "innovation": {
      "fps_value": 0.9641319888351981,
      "kuramoto_value": 0.14243194390317127,
      "neutral_value": 0.5,
      "fps_vs_kuramoto_efficiency": 576.9071332156581,
      "fps_vs_neutral_efficiency": 92.82639774847435
    },
    "fluidity": {
      "fps_value": 0.9900990099009901,
      "kuramoto_value": 0.2553948186233467,
      "neutral_value": 0.9900990099009901,
      "fps_vs_kuramoto_efficiency": 287.673882716275,
      "fps_vs_neutral_efficiency": 0.0
    },
    "cpu_efficiency": {
      "fps_value": 56262.200036111484,
      "kuramoto_value": 223123.8010443003,
      "neutral_value": 1000000.0,
      "fps_vs_kuramoto_efficiency": -74.78431233215501,
      "fps_vs_neutral_efficiency": -94.37377990201506
    },
    "global_score": {
      "fps": 0.7142857142857143,
      "kuramoto": 0.41506973953199555,
      "neutral": 0.3571216495828464,
      "fps_vs_kuramoto_efficiency": 72.08812066594068,
      "fps_vs_neutral_efficiency": 100.01187691086753
    }
  },
  "summary": {
    "fps_advantages": [
      "synchronization: +18.4% vs Kuramoto",
      "stability: +125742.2% vs Kuramoto",
      "innovation: +576.9% vs Kuramoto",
      "fluidity: +287.7% vs Kuramoto"
    ],
    "fps_disadvantages": [
      "resilience: -96.1% vs Kuramoto",
      "cpu_efficiency: -74.8% vs Kuramoto"
    ],
    "overall_verdict": "FPS surpasse les deux mod\u00e8les de contr\u00f4le (Kuramoto: +72.1%, Neutral: +100.0%)"
  }
}