{
  "metadata": {
    "timestamp": "2025-06-25T20:06:55.662066",
    "fps_run_id": "run_20250625-200655_seed12345",
    "kuramoto_run_id": "run_20250625-200655_seed12345",
    "neutral_run_id": "run_20250625-200655_seed12345"
  },
  "detailed_metrics": {
    "synchronization": {
      "fps_value": 0.9189623333081869,
      "kuramoto_value": 0.7762382860014279,
      "neutral_value": 0,
      "fps_vs_kuramoto_efficiency": 18.3866281607385,
      "fps_vs_neutral_efficiency": 918962333308.1869
    },
    "stability": {
      "fps_value": 986.8103643137415,
      "kuramoto_value": 0.30692830766026824,
      "neutral_value": 0.6320557848559905,
      "fps_vs_kuramoto_efficiency": 320367.8945602081,
      "fps_vs_neutral_efficiency": 155780.63294267573
    },
    "resilience": {
      "fps_value": 0.03861003861003861,
      "kuramoto_value": 1.0,
      "neutral_value": 0.1,
      "fps_vs_kuramoto_efficiency": -96.13899612938224,
      "fps_vs_neutral_efficiency": -61.38996132857143
    },
    "continuous_resilience": {
      "fps_value": 1.0,
      "kuramoto_value": 0.5,
      "neutral_value": 0.3,
      "fps_vs_kuramoto_efficiency": 99.99999998,
      "fps_vs_neutral_efficiency": 233.33333325555557
    },
    "innovation": {
      "fps_value": 0.8243845056773373,
      "kuramoto_value": 0.14243194390317127,
      "neutral_value": 0.5,
      "fps_vs_kuramoto_efficiency": 478.7918655094551,
      "fps_vs_neutral_efficiency": 64.87690112249209
    },
    "fluidity": {
      "fps_value": 0.9900990099009901,
      "kuramoto_value": 0.2553948186233467,
      "neutral_value": 0.9900990099009901,
      "fps_vs_kuramoto_efficiency": 287.673882716275,
      "fps_vs_neutral_efficiency": 0.0
    },
    "cpu_efficiency": {
      "fps_value": 50558.32979223121,
      "kuramoto_value": 214167.06573124422,
      "neutral_value": 1000000.0,
      "fps_vs_kuramoto_efficiency": -76.39304139339207,
      "fps_vs_neutral_efficiency": -94.9441669258327
    },
    "global_score": {
      "fps": 0.7142857142857143,
      "kuramoto": 0.32896075364609795,
      "neutral": 0.36978782939524146,
      "fps_vs_kuramoto_efficiency": 117.13402168850271,
      "fps_vs_neutral_efficiency": 93.1609580987862
    }
  },
  "summary": {
    "fps_advantages": [
      "synchronization: +18.4% vs Kuramoto",
      "stability: +320367.9% vs Kuramoto",
      "continuous_resilience: +100.0% vs Kuramoto",
      "innovation: +478.8% vs Kuramoto",
      "fluidity: +287.7% vs Kuramoto"
    ],
    "fps_disadvantages": [
      "resilience: -96.1% vs Kuramoto",
      "cpu_efficiency: -76.4% vs Kuramoto"
    ],
    "overall_verdict": "FPS surpasse les deux mod\u00e8les de contr\u00f4le (Kuramoto: +117.1%, Neutral: +93.2%)"
  }
}