{
  "metadata": {
    "timestamp": "2025-06-25T19:49:58.434478",
    "fps_run_id": "run_20250625-194957_seed12345",
    "kuramoto_run_id": "run_20250625-194958_seed12345",
    "neutral_run_id": "run_20250625-194958_seed12345"
  },
  "detailed_metrics": {
    "synchronization": {
      "fps_value": 0.9189623333081869,
      "kuramoto_value": 0.7762382860014279,
      "neutral_value": 0,
      "fps_vs_kuramoto_efficiency": 18.3866281607385,
      "fps_vs_neutral_efficiency": 918962333308.1869
    },
    "stability": {
      "fps_value": 978.4564012541283,
      "kuramoto_value": 0.30692830766026824,
      "neutral_value": 0.6320557848559905,
      "fps_vs_kuramoto_efficiency": 317654.9374036903,
      "fps_vs_neutral_efficiency": 154461.00783862371
    },
    "resilience": {
      "fps_value": 0.03861003861003861,
      "kuramoto_value": 1.0,
      "neutral_value": 0.1,
      "fps_vs_kuramoto_efficiency": -96.13899612938224,
      "fps_vs_neutral_efficiency": -61.38996132857143
    },
    "continuous_resilience": {
      "fps_value": 1.0,
      "kuramoto_value": 0.5,
      "neutral_value": 0.3,
      "fps_vs_kuramoto_efficiency": 99.99999998,
      "fps_vs_neutral_efficiency": 233.33333325555557
    },
    "innovation": {
      "fps_value": 0.8398306948575237,
      "kuramoto_value": 0.14243194390317127,
      "neutral_value": 0.5,
      "fps_vs_kuramoto_efficiency": 489.63647574649735,
      "fps_vs_neutral_efficiency": 67.96613895791151
    },
    "fluidity": {
      "fps_value": 0.9900990099009901,
      "kuramoto_value": 0.2553948186233467,
      "neutral_value": 0.9900990099009901,
      "fps_vs_kuramoto_efficiency": 287.673882716275,
      "fps_vs_neutral_efficiency": 0.0
    },
    "cpu_efficiency": {
      "fps_value": 49960.283572971755,
      "kuramoto_value": 203587.25631728873,
      "neutral_value": 1000000.0,
      "fps_vs_kuramoto_efficiency": -75.46001393637857,
      "fps_vs_neutral_efficiency": -95.00397154769885
    },
    "global_score": {
      "fps": 0.7142857142857143,
      "kuramoto": 0.32744430289122967,
      "neutral": 0.3681292303331608,
      "fps_vs_kuramoto_efficiency": 118.13960660199541,
      "fps_vs_neutral_efficiency": 94.03124102512777
    }
  },
  "summary": {
    "fps_advantages": [
      "synchronization: +18.4% vs Kuramoto",
      "stability: +317654.9% vs Kuramoto",
      "continuous_resilience: +100.0% vs Kuramoto",
      "innovation: +489.6% vs Kuramoto",
      "fluidity: +287.7% vs Kuramoto"
    ],
    "fps_disadvantages": [
      "resilience: -96.1% vs Kuramoto",
      "cpu_efficiency: -75.5% vs Kuramoto"
    ],
    "overall_verdict": "FPS surpasse les deux mod\u00e8les de contr\u00f4le (Kuramoto: +118.1%, Neutral: +94.0%)"
  }
}