{
  "metadata": {
    "timestamp": "2025-06-25T19:01:45.399768",
    "fps_run_id": "run_20250625-190144_seed12345",
    "kuramoto_run_id": "run_20250625-190145_seed12345",
    "neutral_run_id": "run_20250625-190145_seed12345"
  },
  "detailed_metrics": {
    "synchronization": {
      "fps_value": 0.9189623333081869,
      "kuramoto_value": 0.7762382860014279,
      "neutral_value": 0,
      "fps_vs_kuramoto_efficiency": 18.3866281607385,
      "fps_vs_neutral_efficiency": 918962333308.1869
    },
    "stability": {
      "fps_value": 869.8564920851766,
      "kuramoto_value": 0.30692830766026824,
      "neutral_value": 0.6320557848559905,
      "fps_vs_kuramoto_efficiency": 282387.01741474017,
      "fps_vs_neutral_efficiency": 137306.13590365573
    },
    "resilience": {
      "fps_value": 0.03861003861003861,
      "kuramoto_value": 1.0,
      "neutral_value": 0.1,
      "fps_vs_kuramoto_efficiency": -96.13899612938224,
      "fps_vs_neutral_efficiency": -61.38996132857143
    },
    "continuous_resilience": {
      "fps_value": 1.0,
      "kuramoto_value": 0.9187922332180221,
      "neutral_value": 0.3,
      "fps_vs_kuramoto_efficiency": 8.838534310277463,
      "fps_vs_neutral_efficiency": 233.33333325555557
    },
    "innovation": {
      "fps_value": 0.9216362210992786,
      "kuramoto_value": 0.14243194390317127,
      "neutral_value": 0.5,
      "fps_vs_kuramoto_efficiency": 547.071292643986,
      "fps_vs_neutral_efficiency": 84.32724420299026
    },
    "fluidity": {
      "fps_value": 0.9900990099009901,
      "kuramoto_value": 0.2553948186233467,
      "neutral_value": 0.9900990099009901,
      "fps_vs_kuramoto_efficiency": 287.673882716275,
      "fps_vs_neutral_efficiency": 0.0
    },
    "cpu_efficiency": {
      "fps_value": 52527.86351025573,
      "kuramoto_value": 235981.85205161592,
      "neutral_value": 1000000.0,
      "fps_vs_kuramoto_efficiency": -77.74071869044677,
      "fps_vs_neutral_efficiency": -94.74721355422722
    },
    "global_score": {
      "fps": 0.7142857142857143,
      "kuramoto": 0.41747193941385863,
      "neutral": 0.3604454355002469,
      "fps_vs_kuramoto_efficiency": 71.0978982725143,
      "fps_vs_neutral_efficiency": 98.16750160706572
    }
  },
  "summary": {
    "fps_advantages": [
      "synchronization: +18.4% vs Kuramoto",
      "stability: +282387.0% vs Kuramoto",
      "innovation: +547.1% vs Kuramoto",
      "fluidity: +287.7% vs Kuramoto"
    ],
    "fps_disadvantages": [
      "resilience: -96.1% vs Kuramoto",
      "cpu_efficiency: -77.7% vs Kuramoto"
    ],
    "overall_verdict": "FPS surpasse les deux mod\u00e8les de contr\u00f4le (Kuramoto: +71.1%, Neutral: +98.2%)"
  }
}