{
  "metadata": {
    "timestamp": "2025-06-23T18:04:22.398991",
    "fps_run_id": "run_20250623-180421_seed12345",
    "kuramoto_run_id": "run_20250623-180422_seed12345",
    "neutral_run_id": "run_20250623-180422_seed12345"
  },
  "detailed_metrics": {
    "synchronization": {
      "fps_value": 0.9189623333081869,
      "kuramoto_value": 0.7762382860014279,
      "neutral_value": 0,
      "fps_vs_kuramoto_efficiency": 18.3866281607385,
      "fps_vs_neutral_efficiency": 918962333308.1869
    },
    "stability": {
      "fps_value": 3.99179194654007,
      "kuramoto_value": 0.30692830766026824,
      "neutral_value": 0.6320557848559905,
      "fps_vs_kuramoto_efficiency": 1196.6628423604514,
      "fps_vs_neutral_efficiency": 530.7172356774787
    },
    "resilience": {
      "fps_value": 0.11904761904761904,
      "kuramoto_value": 1.0,
      "neutral_value": 0.1,
      "fps_vs_kuramoto_efficiency": -88.09523808642858,
      "fps_vs_neutral_efficiency": 19.047619028571418
    },
    "innovation": {
      "fps_value": 0.8028291046433883,
      "kuramoto_value": 0.14243194390317127,
      "neutral_value": 0.5,
      "fps_vs_kuramoto_efficiency": 463.6580405906088,
      "fps_vs_neutral_efficiency": 60.5658209165645
    },
    "cpu_efficiency": {
      "fps_value": 28421.95442728336,
      "kuramoto_value": 224070.2942571476,
      "neutral_value": 1000000.0,
      "fps_vs_kuramoto_efficiency": -87.31560763345907,
      "fps_vs_neutral_efficiency": -97.15780446011385
    },
    "global_score": {
      "fps": 0.6042328042328042,
      "kuramoto": 0.4092123419289023,
      "neutral": 0.3259354417219947,
      "fps_vs_kuramoto_efficiency": 47.657522091581434,
      "fps_vs_neutral_efficiency": 85.38419785068908
    }
  },
  "summary": {
    "fps_advantages": [
      "synchronization: +18.4% vs Kuramoto",
      "stability: +1196.7% vs Kuramoto",
      "innovation: +463.7% vs Kuramoto"
    ],
    "fps_disadvantages": [
      "resilience: -88.1% vs Kuramoto",
      "cpu_efficiency: -87.3% vs Kuramoto"
    ],
    "overall_verdict": "FPS surpasse les deux mod\u00e8les de contr\u00f4le (Kuramoto: +47.7%, Neutral: +85.4%)"
  }
}