{
  "metadata": {
    "timestamp": "2025-06-24T16:45:50.961272",
    "fps_run_id": "run_20250624-164550_seed12345",
    "kuramoto_run_id": "run_20250624-164550_seed12345",
    "neutral_run_id": "run_20250624-164550_seed12345"
  },
  "detailed_metrics": {
    "synchronization": {
      "fps_value": 0.9189623333081869,
      "kuramoto_value": 0.7762382860014279,
      "neutral_value": 0,
      "fps_vs_kuramoto_efficiency": 18.3866281607385,
      "fps_vs_neutral_efficiency": 918962333308.1869
    },
    "stability": {
      "fps_value": 26.091862563233818,
      "kuramoto_value": 0.30692830766026824,
      "neutral_value": 0.6320557848559905,
      "fps_vs_kuramoto_efficiency": 8373.681020590548,
      "fps_vs_neutral_efficiency": 4021.7319527645586
    },
    "resilience": {
      "fps_value": 0.03861003861003861,
      "kuramoto_value": 1.0,
      "neutral_value": 0.1,
      "fps_vs_kuramoto_efficiency": -96.13899612938224,
      "fps_vs_neutral_efficiency": -61.38996132857143
    },
    "continuous_resilience": {
      "fps_value": 1.0,
      "kuramoto_value": 0.9187922332180221,
      "neutral_value": 0.3,
      "fps_vs_kuramoto_efficiency": 8.838534310277463,
      "fps_vs_neutral_efficiency": 233.33333325555557
    },
    "innovation": {
      "fps_value": 0.8246439530749367,
      "kuramoto_value": 0.14243194390317127,
      "neutral_value": 0.5,
      "fps_vs_kuramoto_efficiency": 478.9740208534792,
      "fps_vs_neutral_efficiency": 64.92879060200157
    },
    "fluidity": {
      "fps_value": 0.9900990099009901,
      "kuramoto_value": 0.2553948186233467,
      "neutral_value": 0.9900990099009901,
      "fps_vs_kuramoto_efficiency": 287.673882716275,
      "fps_vs_neutral_efficiency": 0.0
    },
    "cpu_efficiency": {
      "fps_value": 63285.14557646498,
      "kuramoto_value": 224262.39202217312,
      "neutral_value": 1000000.0,
      "fps_vs_kuramoto_efficiency": -71.78075836807473,
      "fps_vs_neutral_efficiency": -93.67148534868201
    },
    "global_score": {
      "fps": 0.7142857142857143,
      "kuramoto": 0.4143616977752975,
      "neutral": 0.3715135755887804,
      "fps_vs_kuramoto_efficiency": 72.38217674276427,
      "fps_vs_neutral_efficiency": 92.26369132310701
    }
  },
  "summary": {
    "fps_advantages": [
      "synchronization: +18.4% vs Kuramoto",
      "stability: +8373.7% vs Kuramoto",
      "innovation: +479.0% vs Kuramoto",
      "fluidity: +287.7% vs Kuramoto"
    ],
    "fps_disadvantages": [
      "resilience: -96.1% vs Kuramoto",
      "cpu_efficiency: -71.8% vs Kuramoto"
    ],
    "overall_verdict": "FPS surpasse les deux mod\u00e8les de contr\u00f4le (Kuramoto: +72.4%, Neutral: +92.3%)"
  }
}