{
  "metadata": {
    "timestamp": "2025-07-09T23:28:48.642998",
    "fps_run_id": "run_20250709-232847_FPS_seed12345",
    "kuramoto_run_id": "run_20250709-232848_KURAMOTO_seed12345",
    "neutral_run_id": "run_20250709-232848_NEUTRAL_seed12345"
  },
  "detailed_metrics": {
    "synchronization": {
      "fps_value": 0.990958030250303,
      "kuramoto_value": 0.7762382860014279,
      "neutral_value": 0,
      "fps_vs_kuramoto_efficiency": 27.661576102781748,
      "fps_vs_neutral_efficiency": 990958030250.3031
    },
    "stability": {
      "fps_value": 23.4397647988808,
      "kuramoto_value": 0.30692830766026824,
      "neutral_value": 0.6320557848559905,
      "fps_vs_kuramoto_efficiency": 7512.409842080051,
      "fps_vs_neutral_efficiency": 3602.796082056683
    },
    "resilience": {
      "fps_value": 0.8292453990718477,
      "kuramoto_value": 1.0,
      "neutral_value": 0.1,
      "fps_vs_kuramoto_efficiency": -17.075460091107686,
      "fps_vs_neutral_efficiency": 729.2453983426024
    },
    "continuous_resilience": {
      "fps_value": 0.8274752800840888,
      "kuramoto_value": 0.5,
      "neutral_value": 0.3,
      "fps_vs_kuramoto_efficiency": 65.49505600371874,
      "fps_vs_neutral_efficiency": 175.82509330275457
    },
    "innovation": {
      "fps_value": 0.8142406337596687,
      "kuramoto_value": 0.14243194390317127,
      "neutral_value": 0.5,
      "fps_vs_kuramoto_efficiency": 471.66995757745156,
      "fps_vs_neutral_efficiency": 62.84812673936412
    },
    "fluidity": {
      "fps_value": 0.9927624887657437,
      "kuramoto_value": 0.9927299811645179,
      "neutral_value": 0.5,
      "fps_vs_kuramoto_efficiency": 0.003274566280786979,
      "fps_vs_neutral_efficiency": 98.55249773343824
    },
    "cpu_efficiency": {
      "fps_value": 7769.536744106475,
      "kuramoto_value": 219881.1041304087,
      "neutral_value": 1000000.0,
      "fps_vs_kuramoto_efficiency": -96.46648231120248,
      "fps_vs_neutral_efficiency": -99.22304622636631
    },
    "global_score": {
      "fps": 0.8300389522336266,
      "kuramoto": 0.48231317852240563,
      "neutral": 0.2209002356379803,
      "fps_vs_kuramoto_efficiency": 72.09543282735991,
      "fps_vs_neutral_efficiency": 275.7528594574127
    }
  },
  "summary": {
    "fps_advantages": [
      "synchronization: +27.7% vs Kuramoto",
      "stability: +7512.4% vs Kuramoto",
      "continuous_resilience: +65.5% vs Kuramoto",
      "innovation: +471.7% vs Kuramoto"
    ],
    "fps_disadvantages": [
      "resilience: -17.1% vs Kuramoto",
      "cpu_efficiency: -96.5% vs Kuramoto"
    ],
    "overall_verdict": "FPS surpasse les deux mod\u00e8les de contr\u00f4le (Kuramoto: +72.1%, Neutral: +275.8%)"
  }
}