{
  "metadata": {
    "timestamp": "2025-06-23T18:15:20.652620",
    "fps_run_id": "run_20250623-181520_seed12345",
    "kuramoto_run_id": "run_20250623-181520_seed12345",
    "neutral_run_id": "run_20250623-181520_seed12345"
  },
  "detailed_metrics": {
    "synchronization": {
      "fps_value": 0.9189623333081869,
      "kuramoto_value": 0.7762382860014279,
      "neutral_value": 0,
      "fps_vs_kuramoto_efficiency": 18.3866281607385,
      "fps_vs_neutral_efficiency": 918962333308.1869
    },
    "stability": {
      "fps_value": 3.975381436752191,
      "kuramoto_value": 0.30692830766026824,
      "neutral_value": 0.6320557848559905,
      "fps_vs_kuramoto_efficiency": 1191.3335142734784,
      "fps_vs_neutral_efficiency": 528.1249665314646
    },
    "resilience": {
      "fps_value": 0.11904761904761904,
      "kuramoto_value": 1.0,
      "neutral_value": 0.1,
      "fps_vs_kuramoto_efficiency": -88.09523808642858,
      "fps_vs_neutral_efficiency": 19.047619028571418
    },
    "innovation": {
      "fps_value": 0.8033279324098099,
      "kuramoto_value": 0.14243194390317127,
      "neutral_value": 0.5,
      "fps_vs_kuramoto_efficiency": 464.00826242456094,
      "fps_vs_neutral_efficiency": 60.66558646982887
    },
    "cpu_efficiency": {
      "fps_value": 30848.67874121945,
      "kuramoto_value": 229582.36763341224,
      "neutral_value": 1000000.0,
      "fps_vs_kuramoto_efficiency": -86.5631320362944,
      "fps_vs_neutral_efficiency": -96.91513202896292
    },
    "global_score": {
      "fps": 0.6042328042328042,
      "kuramoto": 0.4099498991353355,
      "neutral": 0.32593264881694084,
      "fps_vs_kuramoto_efficiency": 47.391865557195516,
      "fps_vs_neutral_efficiency": 85.38578640116047
    }
  },
  "summary": {
    "fps_advantages": [
      "synchronization: +18.4% vs Kuramoto",
      "stability: +1191.3% vs Kuramoto",
      "innovation: +464.0% vs Kuramoto"
    ],
    "fps_disadvantages": [
      "resilience: -88.1% vs Kuramoto",
      "cpu_efficiency: -86.6% vs Kuramoto"
    ],
    "overall_verdict": "FPS surpasse les deux mod\u00e8les de contr\u00f4le (Kuramoto: +47.4%, Neutral: +85.4%)"
  }
}