{
  "metadata": {
    "timestamp": "2025-07-06T15:15:04.528347",
    "fps_run_id": "run_20250706-151503_FPS_seed12345",
    "kuramoto_run_id": "run_20250706-151504_KURAMOTO_seed12345",
    "neutral_run_id": "run_20250706-151504_NEUTRAL_seed12345"
  },
  "detailed_metrics": {
    "synchronization": {
      "fps_value": 0.990958030250303,
      "kuramoto_value": 0.7762382860014279,
      "neutral_value": 0,
      "fps_vs_kuramoto_efficiency": 27.661576102781748,
      "fps_vs_neutral_efficiency": 990958030250.3031
    },
    "stability": {
      "fps_value": 44.69026805872541,
      "kuramoto_value": 0.30692830766026824,
      "neutral_value": 0.6320557848559905,
      "fps_vs_kuramoto_efficiency": 14413.53024290072,
      "fps_vs_neutral_efficiency": 6959.6097733933375
    },
    "resilience": {
      "fps_value": 0.6986315753080681,
      "kuramoto_value": 1.0,
      "neutral_value": 0.1,
      "fps_vs_kuramoto_efficiency": -30.13684246617951,
      "fps_vs_neutral_efficiency": 598.6315747094366
    },
    "continuous_resilience": {
      "fps_value": 0.6990655004417365,
      "kuramoto_value": 0.5,
      "neutral_value": 0.3,
      "fps_vs_kuramoto_efficiency": 39.813100080384686,
      "fps_vs_neutral_efficiency": 133.02183343623824
    },
    "innovation": {
      "fps_value": 0.8550821401207556,
      "kuramoto_value": 0.14243194390317127,
      "neutral_value": 0.5,
      "fps_vs_kuramoto_efficiency": 500.34435828645087,
      "fps_vs_neutral_efficiency": 71.01642800994783
    },
    "fluidity": {
      "fps_value": 0.9931837215806484,
      "kuramoto_value": 0.9927299811645179,
      "neutral_value": 0.5,
      "fps_vs_kuramoto_efficiency": 0.045706327470081944,
      "fps_vs_neutral_efficiency": 98.63674429640233
    },
    "cpu_efficiency": {
      "fps_value": 56807.7266143145,
      "kuramoto_value": 228696.63409780915,
      "neutral_value": 1000000.0,
      "fps_vs_kuramoto_efficiency": -75.16022586426821,
      "fps_vs_neutral_efficiency": -94.31922724424932
    },
    "global_score": {
      "fps": 0.809306599255249,
      "kuramoto": 0.4951162184015569,
      "neutral": 0.21558136777591536,
      "fps_vs_kuramoto_efficiency": 63.45790525799633,
      "fps_vs_neutral_efficiency": 275.4065610257519
    }
  },
  "summary": {
    "fps_advantages": [
      "synchronization: +27.7% vs Kuramoto",
      "stability: +14413.5% vs Kuramoto",
      "continuous_resilience: +39.8% vs Kuramoto",
      "innovation: +500.3% vs Kuramoto"
    ],
    "fps_disadvantages": [
      "resilience: -30.1% vs Kuramoto",
      "cpu_efficiency: -75.2% vs Kuramoto"
    ],
    "overall_verdict": "FPS surpasse les deux mod\u00e8les de contr\u00f4le (Kuramoto: +63.5%, Neutral: +275.4%)"
  }
}