{
  "metadata": {
    "timestamp": "2025-06-25T22:54:49.846609",
    "fps_run_id": "run_20250625-225449_seed12345",
    "kuramoto_run_id": "run_20250625-225449_seed12345",
    "neutral_run_id": "run_20250625-225449_seed12345"
  },
  "detailed_metrics": {
    "synchronization": {
      "fps_value": 0.9189623333081869,
      "kuramoto_value": 0.7762382860014279,
      "neutral_value": 0,
      "fps_vs_kuramoto_efficiency": 18.3866281607385,
      "fps_vs_neutral_efficiency": 918962333308.1869
    },
    "stability": {
      "fps_value": 345.38118982935754,
      "kuramoto_value": 0.30692830766026824,
      "neutral_value": 0.6320557848559905,
      "fps_vs_kuramoto_efficiency": 112063.18254520839,
      "fps_vs_neutral_efficiency": 54457.93914084936
    },
    "resilience": {
      "fps_value": 0.03861003861003861,
      "kuramoto_value": 1.0,
      "neutral_value": 0.1,
      "fps_vs_kuramoto_efficiency": -96.13899612938224,
      "fps_vs_neutral_efficiency": -61.38996132857143
    },
    "continuous_resilience": {
      "fps_value": 1.0,
      "kuramoto_value": 0.5,
      "neutral_value": 0.3,
      "fps_vs_kuramoto_efficiency": 99.99999998,
      "fps_vs_neutral_efficiency": 233.33333325555557
    },
    "innovation": {
      "fps_value": 0.7959678018193245,
      "kuramoto_value": 0.14243194390317127,
      "neutral_value": 0.5,
      "fps_vs_kuramoto_efficiency": 458.8407905895058,
      "fps_vs_neutral_efficiency": 59.19356035202619
    },
    "fluidity": {
      "fps_value": 0.9900990099009901,
      "kuramoto_value": 0.2553948186233467,
      "neutral_value": 0.9900990099009901,
      "fps_vs_kuramoto_efficiency": 287.673882716275,
      "fps_vs_neutral_efficiency": 0.0
    },
    "cpu_efficiency": {
      "fps_value": 50886.55989472418,
      "kuramoto_value": 228779.69915104078,
      "neutral_value": 989967.6676566558,
      "fps_vs_kuramoto_efficiency": -77.75739680525466,
      "fps_vs_neutral_efficiency": -94.85977547491272
    },
    "global_score": {
      "fps": 0.7142857142857143,
      "kuramoto": 0.3314053539569235,
      "neutral": 0.3731322942742897,
      "fps_vs_kuramoto_efficiency": 115.53233997029079,
      "fps_vs_neutral_efficiency": 91.42961495292418
    }
  },
  "summary": {
    "fps_advantages": [
      "synchronization: +18.4% vs Kuramoto",
      "stability: +112063.2% vs Kuramoto",
      "continuous_resilience: +100.0% vs Kuramoto",
      "innovation: +458.8% vs Kuramoto",
      "fluidity: +287.7% vs Kuramoto"
    ],
    "fps_disadvantages": [
      "resilience: -96.1% vs Kuramoto",
      "cpu_efficiency: -77.8% vs Kuramoto"
    ],
    "overall_verdict": "FPS surpasse les deux mod\u00e8les de contr\u00f4le (Kuramoto: +115.5%, Neutral: +91.4%)"
  }
}