{
  "metadata": {
    "timestamp": "2025-06-29T21:11:32.979804",
    "fps_run_id": "run_20250629-211132_seed12345",
    "kuramoto_run_id": "run_20250629-211132_seed12345",
    "neutral_run_id": "run_20250629-211132_seed12345"
  },
  "detailed_metrics": {
    "synchronization": {
      "fps_value": 0.990958030250303,
      "kuramoto_value": 0.7762382860014279,
      "neutral_value": 0,
      "fps_vs_kuramoto_efficiency": 27.661576102781748,
      "fps_vs_neutral_efficiency": 990958030250.3031
    },
    "stability": {
      "fps_value": 4.997681182153769,
      "kuramoto_value": 0.30692830766026824,
      "neutral_value": 0.6320557848559905,
      "fps_vs_kuramoto_efficiency": 1523.3262931022,
      "fps_vs_neutral_efficiency": 689.6114847589436
    },
    "resilience": {
      "fps_value": 0.2941176470588235,
      "kuramoto_value": 1.0,
      "neutral_value": 0.1,
      "fps_vs_kuramoto_efficiency": -70.58823528705884,
      "fps_vs_neutral_efficiency": 194.11764686470582
    },
    "continuous_resilience": {
      "fps_value": 1.0,
      "kuramoto_value": 0.5,
      "neutral_value": 0.3,
      "fps_vs_kuramoto_efficiency": 99.99999998,
      "fps_vs_neutral_efficiency": 233.33333325555557
    },
    "innovation": {
      "fps_value": 0.8944049169327937,
      "kuramoto_value": 0.14243194390317127,
      "neutral_value": 0.5,
      "fps_vs_kuramoto_efficiency": 527.9524746308873,
      "fps_vs_neutral_efficiency": 78.88098337078253
    },
    "fluidity": {
      "fps_value": 0.9900990099009901,
      "kuramoto_value": 0.2553948186233467,
      "neutral_value": 0.9900990099009901,
      "fps_vs_kuramoto_efficiency": 287.673882716275,
      "fps_vs_neutral_efficiency": 0.0
    },
    "cpu_efficiency": {
      "fps_value": 45735.706123720985,
      "kuramoto_value": 219507.41307265274,
      "neutral_value": 943256.339717856,
      "fps_vs_kuramoto_efficiency": -79.16439072596275,
      "fps_vs_neutral_efficiency": -95.151296084698
    },
    "global_score": {
      "fps": 0.7450980392156863,
      "kuramoto": 0.3232354837950367,
      "neutral": 0.3635455650581822,
      "fps_vs_kuramoto_efficiency": 130.5124518933199,
      "fps_vs_neutral_efficiency": 104.95313675233169
    }
  },
  "summary": {
    "fps_advantages": [
      "synchronization: +27.7% vs Kuramoto",
      "stability: +1523.3% vs Kuramoto",
      "continuous_resilience: +100.0% vs Kuramoto",
      "innovation: +528.0% vs Kuramoto",
      "fluidity: +287.7% vs Kuramoto"
    ],
    "fps_disadvantages": [
      "resilience: -70.6% vs Kuramoto",
      "cpu_efficiency: -79.2% vs Kuramoto"
    ],
    "overall_verdict": "FPS surpasse les deux mod\u00e8les de contr\u00f4le (Kuramoto: +130.5%, Neutral: +105.0%)"
  }
}