{
  "metadata": {
    "timestamp": "2025-06-29T19:51:39.237792",
    "fps_run_id": "run_20250629-195138_seed12345",
    "kuramoto_run_id": "run_20250629-195138_seed12345",
    "neutral_run_id": "run_20250629-195139_seed12345"
  },
  "detailed_metrics": {
    "synchronization": {
      "fps_value": 0.990958030250303,
      "kuramoto_value": 0.7762382860014279,
      "neutral_value": 0,
      "fps_vs_kuramoto_efficiency": 27.661576102781748,
      "fps_vs_neutral_efficiency": 990958030250.3031
    },
    "stability": {
      "fps_value": 5.416173653603077,
      "kuramoto_value": 0.30692830766026824,
      "neutral_value": 0.6320557848559905,
      "fps_vs_kuramoto_efficiency": 1659.23210657844,
      "fps_vs_neutral_efficiency": 755.7182136540137
    },
    "resilience": {
      "fps_value": 0.588235294117647,
      "kuramoto_value": 1.0,
      "neutral_value": 0.1,
      "fps_vs_kuramoto_efficiency": -41.17647058411766,
      "fps_vs_neutral_efficiency": 488.2352936294117
    },
    "continuous_resilience": {
      "fps_value": 1.0,
      "kuramoto_value": 0.5,
      "neutral_value": 0.3,
      "fps_vs_kuramoto_efficiency": 99.99999998,
      "fps_vs_neutral_efficiency": 233.33333325555557
    },
    "innovation": {
      "fps_value": 0.891102502828709,
      "kuramoto_value": 0.14243194390317127,
      "neutral_value": 0.5,
      "fps_vs_kuramoto_efficiency": 525.633883722649,
      "fps_vs_neutral_efficiency": 78.2205005500977
    },
    "fluidity": {
      "fps_value": 0.9900990099009901,
      "kuramoto_value": 0.2553948186233467,
      "neutral_value": 0.9900990099009901,
      "fps_vs_kuramoto_efficiency": 287.673882716275,
      "fps_vs_neutral_efficiency": 0.0
    },
    "cpu_efficiency": {
      "fps_value": 40210.04828519166,
      "kuramoto_value": 232187.26627455803,
      "neutral_value": 996447.4654957622,
      "fps_vs_kuramoto_efficiency": -82.68206101170749,
      "fps_vs_neutral_efficiency": -95.96465938875839
    },
    "global_score": {
      "fps": 0.7917833800186741,
      "kuramoto": 0.32425692401460476,
      "neutral": 0.3630341614921276,
      "fps_vs_kuramoto_efficiency": 144.183954523305,
      "fps_vs_neutral_efficiency": 118.10161794312086
    }
  },
  "summary": {
    "fps_advantages": [
      "synchronization: +27.7% vs Kuramoto",
      "stability: +1659.2% vs Kuramoto",
      "continuous_resilience: +100.0% vs Kuramoto",
      "innovation: +525.6% vs Kuramoto",
      "fluidity: +287.7% vs Kuramoto"
    ],
    "fps_disadvantages": [
      "resilience: -41.2% vs Kuramoto",
      "cpu_efficiency: -82.7% vs Kuramoto"
    ],
    "overall_verdict": "FPS surpasse les deux mod\u00e8les de contr\u00f4le (Kuramoto: +144.2%, Neutral: +118.1%)"
  }
}