{
  "metadata": {
    "timestamp": "2025-06-30T19:38:33.360914",
    "fps_run_id": "run_20250630-193832_seed12345",
    "kuramoto_run_id": "run_20250630-193833_seed12345",
    "neutral_run_id": "run_20250630-193833_seed12345"
  },
  "detailed_metrics": {
    "synchronization": {
      "fps_value": 0.990958030250303,
      "kuramoto_value": 0.7762382860014279,
      "neutral_value": 0,
      "fps_vs_kuramoto_efficiency": 27.661576102781748,
      "fps_vs_neutral_efficiency": 990958030250.3031
    },
    "stability": {
      "fps_value": 5.030156860623687,
      "kuramoto_value": 0.30692830766026824,
      "neutral_value": 0.6320557848559905,
      "fps_vs_kuramoto_efficiency": 1533.8727994356634,
      "fps_vs_neutral_efficiency": 694.7414716016204
    },
    "resilience": {
      "fps_value": 0.9090909090909091,
      "kuramoto_value": 1.0,
      "neutral_value": 0.1,
      "fps_vs_kuramoto_efficiency": -9.090909090000004,
      "fps_vs_neutral_efficiency": 809.0909082818182
    },
    "continuous_resilience": {
      "fps_value": 0.7217803064713938,
      "kuramoto_value": 0.5,
      "neutral_value": 0.3,
      "fps_vs_kuramoto_efficiency": 44.35606128540754,
      "fps_vs_neutral_efficiency": 140.59343544360013
    },
    "innovation": {
      "fps_value": 0.8909063813849538,
      "kuramoto_value": 0.14243194390317127,
      "neutral_value": 0.5,
      "fps_vs_kuramoto_efficiency": 525.4961888781899,
      "fps_vs_neutral_efficiency": 78.1812762613545
    },
    "fluidity": {
      "fps_value": 0.6730698719250666,
      "kuramoto_value": 0.9927299811645179,
      "neutral_value": 0.5,
      "fps_vs_kuramoto_efficiency": -32.20010630003087,
      "fps_vs_neutral_efficiency": 34.61397437809053
    },
    "cpu_efficiency": {
      "fps_value": 45333.403062150894,
      "kuramoto_value": 217795.30516962108,
      "neutral_value": 973206.4583551211,
      "fps_vs_kuramoto_efficiency": -79.18531631400504,
      "fps_vs_neutral_efficiency": -95.34185129718618
    },
    "global_score": {
      "fps": 0.7500338265437356,
      "kuramoto": 0.49190993597275046,
      "neutral": 0.22093785776219274,
      "fps_vs_kuramoto_efficiency": 52.473811086590906,
      "fps_vs_neutral_efficiency": 239.47727831758013
    }
  },
  "summary": {
    "fps_advantages": [
      "synchronization: +27.7% vs Kuramoto",
      "stability: +1533.9% vs Kuramoto",
      "continuous_resilience: +44.4% vs Kuramoto",
      "innovation: +525.5% vs Kuramoto"
    ],
    "fps_disadvantages": [
      "fluidity: -32.2% vs Kuramoto",
      "cpu_efficiency: -79.2% vs Kuramoto"
    ],
    "overall_verdict": "FPS surpasse les deux mod\u00e8les de contr\u00f4le (Kuramoto: +52.5%, Neutral: +239.5%)"
  }
}