{
  "metadata": {
    "timestamp": "2025-06-29T20:18:55.854923",
    "fps_run_id": "run_20250629-201855_seed12345",
    "kuramoto_run_id": "run_20250629-201855_seed12345",
    "neutral_run_id": "run_20250629-201855_seed12345"
  },
  "detailed_metrics": {
    "synchronization": {
      "fps_value": 0.990958030250303,
      "kuramoto_value": 0.7762382860014279,
      "neutral_value": 0,
      "fps_vs_kuramoto_efficiency": 27.661576102781748,
      "fps_vs_neutral_efficiency": 990958030250.3031
    },
    "stability": {
      "fps_value": 4.776318746414784,
      "kuramoto_value": 0.30692830766026824,
      "neutral_value": 0.6320557848559905,
      "fps_vs_kuramoto_efficiency": 1451.4386393100028,
      "fps_vs_neutral_efficiency": 654.6441973516669
    },
    "resilience": {
      "fps_value": 0.5,
      "kuramoto_value": 1.0,
      "neutral_value": 0.1,
      "fps_vs_kuramoto_efficiency": -49.999999994999996,
      "fps_vs_neutral_efficiency": 399.9999996
    },
    "continuous_resilience": {
      "fps_value": 1.0,
      "kuramoto_value": 0.5,
      "neutral_value": 0.3,
      "fps_vs_kuramoto_efficiency": 99.99999998,
      "fps_vs_neutral_efficiency": 233.33333325555557
    },
    "innovation": {
      "fps_value": 0.784508076753042,
      "kuramoto_value": 0.14243194390317127,
      "neutral_value": 0.5,
      "fps_vs_kuramoto_efficiency": 450.7950357228676,
      "fps_vs_neutral_efficiency": 56.90161533922809
    },
    "fluidity": {
      "fps_value": 0.9900990099009901,
      "kuramoto_value": 0.2553948186233467,
      "neutral_value": 0.9900990099009901,
      "fps_vs_kuramoto_efficiency": 287.673882716275,
      "fps_vs_neutral_efficiency": 0.0
    },
    "cpu_efficiency": {
      "fps_value": 46773.83812756975,
      "kuramoto_value": 221332.05421113104,
      "neutral_value": 988404.4345356738,
      "fps_vs_kuramoto_efficiency": -78.86711932306794,
      "fps_vs_neutral_efficiency": -95.2677428949193
    },
    "global_score": {
      "fps": 0.7777777777777778,
      "kuramoto": 0.3220591421060111,
      "neutral": 0.3756627031708866,
      "fps_vs_kuramoto_efficiency": 141.50153681408545,
      "fps_vs_neutral_efficiency": 107.04152185076781
    }
  },
  "summary": {
    "fps_advantages": [
      "synchronization: +27.7% vs Kuramoto",
      "stability: +1451.4% vs Kuramoto",
      "continuous_resilience: +100.0% vs Kuramoto",
      "innovation: +450.8% vs Kuramoto",
      "fluidity: +287.7% vs Kuramoto"
    ],
    "fps_disadvantages": [
      "resilience: -50.0% vs Kuramoto",
      "cpu_efficiency: -78.9% vs Kuramoto"
    ],
    "overall_verdict": "FPS surpasse les deux mod\u00e8les de contr\u00f4le (Kuramoto: +141.5%, Neutral: +107.0%)"
  }
}