{
  "metadata": {
    "timestamp": "2025-06-23T20:13:30.366879",
    "fps_run_id": "run_20250623-201329_seed12345",
    "kuramoto_run_id": "run_20250623-201330_seed12345",
    "neutral_run_id": "run_20250623-201330_seed12345"
  },
  "detailed_metrics": {
    "synchronization": {
      "fps_value": 0.9189623333081869,
      "kuramoto_value": 0.7762382860014279,
      "neutral_value": 0,
      "fps_vs_kuramoto_efficiency": 18.3866281607385,
      "fps_vs_neutral_efficiency": 918962333308.1869
    },
    "stability": {
      "fps_value": 387.5027420638556,
      "kuramoto_value": 0.30692830766026824,
      "neutral_value": 0.6320557848559905,
      "fps_vs_kuramoto_efficiency": 125742.19522012294,
      "fps_vs_neutral_efficiency": 61111.626421201756
    },
    "resilience": {
      "fps_value": 0.03861003861003861,
      "kuramoto_value": 1.0,
      "neutral_value": 0.1,
      "fps_vs_kuramoto_efficiency": -96.13899612938224,
      "fps_vs_neutral_efficiency": -61.38996132857143
    },
    "innovation": {
      "fps_value": 0.9641319888351981,
      "kuramoto_value": 0.14243194390317127,
      "neutral_value": 0.5,
      "fps_vs_kuramoto_efficiency": 576.9071332156581,
      "fps_vs_neutral_efficiency": 92.82639774847435
    },
    "fluidity": {
      "fps_value": 0.9900990099009901,
      "kuramoto_value": 0.2553948186233467,
      "neutral_value": 0.9900990099009901,
      "fps_vs_kuramoto_efficiency": 287.673882716275,
      "fps_vs_neutral_efficiency": 0.0
    },
    "cpu_efficiency": {
      "fps_value": 57210.65078328235,
      "kuramoto_value": 226003.40993949707,
      "neutral_value": 1000000.0,
      "fps_vs_kuramoto_efficiency": -74.68593436468174,
      "fps_vs_neutral_efficiency": -94.27893482739282
    },
    "global_score": {
      "fps": 0.6666666666666666,
      "kuramoto": 0.3372875814089107,
      "neutral": 0.4166419245133208,
      "fps_vs_kuramoto_efficiency": 97.6552661038468,
      "fps_vs_neutral_efficiency": 60.009501536694856
    }
  },
  "summary": {
    "fps_advantages": [
      "synchronization: +18.4% vs Kuramoto",
      "stability: +125742.2% vs Kuramoto",
      "innovation: +576.9% vs Kuramoto",
      "fluidity: +287.7% vs Kuramoto"
    ],
    "fps_disadvantages": [
      "resilience: -96.1% vs Kuramoto",
      "cpu_efficiency: -74.7% vs Kuramoto"
    ],
    "overall_verdict": "FPS surpasse les deux mod\u00e8les de contr\u00f4le (Kuramoto: +97.7%, Neutral: +60.0%)"
  }
}