{
  "metadata": {
    "timestamp": "2025-06-25T23:06:54.090559",
    "fps_run_id": "run_20250625-230647_seed12345",
    "kuramoto_run_id": "run_20250625-230652_seed12345",
    "neutral_run_id": "run_20250625-230653_seed12345"
  },
  "detailed_metrics": {
    "synchronization": {
      "fps_value": 0.9189623333081863,
      "kuramoto_value": 0.8686426420757428,
      "neutral_value": 0,
      "fps_vs_kuramoto_efficiency": 5.7929105467818935,
      "fps_vs_neutral_efficiency": 918962333308.1863
    },
    "stability": {
      "fps_value": 321.72120797777694,
      "kuramoto_value": 0.2960255132935749,
      "neutral_value": 0.6320557848559888,
      "fps_vs_kuramoto_efficiency": 108214.67115748816,
      "fps_vs_neutral_efficiency": 50720.514664590606
    },
    "resilience": {
      "fps_value": 0.303030303030303,
      "kuramoto_value": 1.0,
      "neutral_value": 0.1,
      "fps_vs_kuramoto_efficiency": -69.69696969,
      "fps_vs_neutral_efficiency": 203.0303028272727
    },
    "continuous_resilience": {
      "fps_value": 1.0,
      "kuramoto_value": 0.5,
      "neutral_value": 0.3,
      "fps_vs_kuramoto_efficiency": 99.99999998,
      "fps_vs_neutral_efficiency": 233.33333325555557
    },
    "innovation": {
      "fps_value": 0.9008276327512582,
      "kuramoto_value": 0.20373372011473984,
      "neutral_value": 0.5,
      "fps_vs_kuramoto_efficiency": 342.1593204609261,
      "fps_vs_neutral_efficiency": 80.16552653421853
    },
    "fluidity": {
      "fps_value": 0.9900990099009901,
      "kuramoto_value": 0.24336027345091824,
      "neutral_value": 0.9900990099009901,
      "fps_vs_kuramoto_efficiency": 306.8449609931227,
      "fps_vs_neutral_efficiency": 0.0
    },
    "cpu_efficiency": {
      "fps_value": 50858.80345035555,
      "kuramoto_value": 226343.98303903907,
      "neutral_value": 1000000.0,
      "fps_vs_kuramoto_efficiency": -77.53030429932541,
      "fps_vs_neutral_efficiency": -94.91411956005032
    },
    "global_score": {
      "fps": 0.7465127465127465,
      "kuramoto": 0.3451207985955196,
      "neutral": 0.34657819993621813,
      "fps_vs_kuramoto_efficiency": 116.3047690647448,
      "fps_vs_neutral_efficiency": 115.39518254025623
    }
  },
  "summary": {
    "fps_advantages": [
      "stability: +108214.7% vs Kuramoto",
      "continuous_resilience: +100.0% vs Kuramoto",
      "innovation: +342.2% vs Kuramoto",
      "fluidity: +306.8% vs Kuramoto"
    ],
    "fps_disadvantages": [
      "resilience: -69.7% vs Kuramoto",
      "cpu_efficiency: -77.5% vs Kuramoto"
    ],
    "overall_verdict": "FPS surpasse les deux mod\u00e8les de contr\u00f4le (Kuramoto: +116.3%, Neutral: +115.4%)"
  }
}