{
  "metadata": {
    "timestamp": "2025-06-24T16:42:17.242655",
    "fps_run_id": "run_20250624-164216_seed12345",
    "kuramoto_run_id": "run_20250624-164216_seed12345",
    "neutral_run_id": "run_20250624-164217_seed12345"
  },
  "detailed_metrics": {
    "synchronization": {
      "fps_value": 0.9189623333081869,
      "kuramoto_value": 0.7762382860014279,
      "neutral_value": 0,
      "fps_vs_kuramoto_efficiency": 18.3866281607385,
      "fps_vs_neutral_efficiency": 918962333308.1869
    },
    "stability": {
      "fps_value": 26.208785864445407,
      "kuramoto_value": 0.30692830766026824,
      "neutral_value": 0.6320557848559905,
      "fps_vs_kuramoto_efficiency": 8411.651969770248,
      "fps_vs_neutral_efficiency": 4040.201620684612
    },
    "resilience": {
      "fps_value": 0.03861003861003861,
      "kuramoto_value": 1.0,
      "neutral_value": 0.1,
      "fps_vs_kuramoto_efficiency": -96.13899612938224,
      "fps_vs_neutral_efficiency": -61.38996132857143
    },
    "continuous_resilience": {
      "fps_value": 1.0,
      "kuramoto_value": 0.9187922332180221,
      "neutral_value": 0.3,
      "fps_vs_kuramoto_efficiency": 8.838534310277463,
      "fps_vs_neutral_efficiency": 233.33333325555557
    },
    "innovation": {
      "fps_value": 0.8246726969130022,
      "kuramoto_value": 0.14243194390317127,
      "neutral_value": 0.5,
      "fps_vs_kuramoto_efficiency": 478.9942016059548,
      "fps_vs_neutral_efficiency": 64.93453936961352
    },
    "fluidity": {
      "fps_value": 0.9900990099009901,
      "kuramoto_value": 0.2553948186233467,
      "neutral_value": 0.9900990099009901,
      "fps_vs_kuramoto_efficiency": 287.673882716275,
      "fps_vs_neutral_efficiency": 0.0
    },
    "cpu_efficiency": {
      "fps_value": 61485.74800941441,
      "kuramoto_value": 230898.12165305862,
      "neutral_value": 1000000.0,
      "fps_vs_kuramoto_efficiency": -73.37104853736673,
      "fps_vs_neutral_efficiency": -93.85142510520713
    },
    "global_score": {
      "fps": 0.7142857142857143,
      "kuramoto": 0.4155985912911575,
      "neutral": 0.37150228966303,
      "fps_vs_kuramoto_efficiency": 71.8691374758379,
      "fps_vs_neutral_efficiency": 92.26953213164187
    }
  },
  "summary": {
    "fps_advantages": [
      "synchronization: +18.4% vs Kuramoto",
      "stability: +8411.7% vs Kuramoto",
      "innovation: +479.0% vs Kuramoto",
      "fluidity: +287.7% vs Kuramoto"
    ],
    "fps_disadvantages": [
      "resilience: -96.1% vs Kuramoto",
      "cpu_efficiency: -73.4% vs Kuramoto"
    ],
    "overall_verdict": "FPS surpasse les deux mod\u00e8les de contr\u00f4le (Kuramoto: +71.9%, Neutral: +92.3%)"
  }
}