{
  "metadata": {
    "timestamp": "2025-07-07T03:09:35.914762",
    "fps_run_id": "run_20250707-030934_FPS_seed12345",
    "kuramoto_run_id": "run_20250707-030935_KURAMOTO_seed12345",
    "neutral_run_id": "run_20250707-030935_NEUTRAL_seed12345"
  },
  "detailed_metrics": {
    "synchronization": {
      "fps_value": 0.990958030250303,
      "kuramoto_value": 0.7762382860014279,
      "neutral_value": 0,
      "fps_vs_kuramoto_efficiency": 27.661576102781748,
      "fps_vs_neutral_efficiency": 990958030250.3031
    },
    "stability": {
      "fps_value": 28.597932570961525,
      "kuramoto_value": 0.30692830766026824,
      "neutral_value": 0.6320557848559905,
      "fps_vs_kuramoto_efficiency": 9187.529551363694,
      "fps_vs_neutral_efficiency": 4417.600700460751
    },
    "resilience": {
      "fps_value": 0.7052854728404747,
      "kuramoto_value": 1.0,
      "neutral_value": 0.1,
      "fps_vs_kuramoto_efficiency": -29.47145271300538,
      "fps_vs_neutral_efficiency": 605.2854722351893
    },
    "continuous_resilience": {
      "fps_value": 0.7044806986695692,
      "kuramoto_value": 0.5,
      "neutral_value": 0.3,
      "fps_vs_kuramoto_efficiency": 40.896139725734606,
      "fps_vs_neutral_efficiency": 134.8268995115808
    },
    "innovation": {
      "fps_value": 0.8558420939712985,
      "kuramoto_value": 0.14243194390317127,
      "neutral_value": 0.5,
      "fps_vs_kuramoto_efficiency": 500.877914052934,
      "fps_vs_neutral_efficiency": 71.16841878002602
    },
    "fluidity": {
      "fps_value": 0.9929566728646606,
      "kuramoto_value": 0.9927299811645179,
      "neutral_value": 0.5,
      "fps_vs_kuramoto_efficiency": 0.02283518221681108,
      "fps_vs_neutral_efficiency": 98.59133455321385
    },
    "cpu_efficiency": {
      "fps_value": 7671.612843919765,
      "kuramoto_value": 215904.45485164013,
      "neutral_value": 1000000.0,
      "fps_vs_kuramoto_efficiency": -96.44675520305549,
      "fps_vs_neutral_efficiency": -99.23283861637518
    },
    "global_score": {
      "fps": 0.810362773466742,
      "kuramoto": 0.4981664335603485,
      "neutral": 0.21610027325096276,
      "fps_vs_kuramoto_efficiency": 62.66908382656106,
      "fps_vs_neutral_efficiency": 274.9938678932873
    }
  },
  "summary": {
    "fps_advantages": [
      "synchronization: +27.7% vs Kuramoto",
      "stability: +9187.5% vs Kuramoto",
      "continuous_resilience: +40.9% vs Kuramoto",
      "innovation: +500.9% vs Kuramoto"
    ],
    "fps_disadvantages": [
      "resilience: -29.5% vs Kuramoto",
      "cpu_efficiency: -96.4% vs Kuramoto"
    ],
    "overall_verdict": "FPS surpasse les deux mod\u00e8les de contr\u00f4le (Kuramoto: +62.7%, Neutral: +275.0%)"
  }
}