{
  "metadata": {
    "timestamp": "2025-07-07T18:34:11.609857",
    "fps_run_id": "run_20250707-183352_FPS_seed12345",
    "kuramoto_run_id": "run_20250707-183407_KURAMOTO_seed12345",
    "neutral_run_id": "run_20250707-183409_NEUTRAL_seed12345"
  },
  "detailed_metrics": {
    "synchronization": {
      "fps_value": 0.9909580302503029,
      "kuramoto_value": 0.8760349905794333,
      "neutral_value": 0,
      "fps_vs_kuramoto_efficiency": 13.118544452401132,
      "fps_vs_neutral_efficiency": 990958030250.3029
    },
    "stability": {
      "fps_value": 23.566405004553676,
      "kuramoto_value": 0.29523107001457405,
      "neutral_value": 0.6320557848559861,
      "fps_vs_kuramoto_efficiency": 7855.750557628612,
      "fps_vs_neutral_efficiency": 3622.8006707047193
    },
    "resilience": {
      "fps_value": 0.8296844270296191,
      "kuramoto_value": 1.0,
      "neutral_value": 0.1,
      "fps_vs_kuramoto_efficiency": -17.031557295334935,
      "fps_vs_neutral_efficiency": 729.6844262999347
    },
    "continuous_resilience": {
      "fps_value": 0.8301101612923459,
      "kuramoto_value": 0.5,
      "neutral_value": 0.3,
      "fps_vs_kuramoto_efficiency": 66.02203224526478,
      "fps_vs_neutral_efficiency": 176.70338703854753
    },
    "innovation": {
      "fps_value": 0.8608457476053726,
      "kuramoto_value": 0.19163253593598906,
      "neutral_value": 0.5,
      "fps_vs_kuramoto_efficiency": 349.21690518342024,
      "fps_vs_neutral_efficiency": 72.16914950664068
    },
    "fluidity": {
      "fps_value": 0.9928515980539634,
      "kuramoto_value": 0.992686562124419,
      "neutral_value": 0.5,
      "fps_vs_kuramoto_efficiency": 0.01662518017516101,
      "fps_vs_neutral_efficiency": 98.57031959107861
    },
    "cpu_efficiency": {
      "fps_value": 7110.934186517448,
      "kuramoto_value": 222968.6459349804,
      "neutral_value": 1000000.0,
      "fps_vs_kuramoto_efficiency": -96.81079143446073,
      "fps_vs_neutral_efficiency": -99.28890648205933
    },
    "global_score": {
      "fps": 0.8301086392110506,
      "kuramoto": 0.49691103086481775,
      "neutral": 0.21075213733887568,
      "fps_vs_kuramoto_efficiency": 67.053775743172,
      "fps_vs_neutral_efficiency": 293.8791081308993
    }
  },
  "summary": {
    "fps_advantages": [
      "synchronization: +13.1% vs Kuramoto",
      "stability: +7855.8% vs Kuramoto",
      "continuous_resilience: +66.0% vs Kuramoto",
      "innovation: +349.2% vs Kuramoto"
    ],
    "fps_disadvantages": [
      "resilience: -17.0% vs Kuramoto",
      "cpu_efficiency: -96.8% vs Kuramoto"
    ],
    "overall_verdict": "FPS surpasse les deux mod\u00e8les de contr\u00f4le (Kuramoto: +67.1%, Neutral: +293.9%)"
  }
}