{
  "metadata": {
    "timestamp": "2025-06-23T19:34:40.711717",
    "fps_run_id": "run_20250623-193440_seed12345",
    "kuramoto_run_id": "run_20250623-193440_seed12345",
    "neutral_run_id": "run_20250623-193440_seed12345"
  },
  "detailed_metrics": {
    "synchronization": {
      "fps_value": 0.9189623333081869,
      "kuramoto_value": 0.7762382860014279,
      "neutral_value": 0,
      "fps_vs_kuramoto_efficiency": 18.3866281607385,
      "fps_vs_neutral_efficiency": 918962333308.1869
    },
    "stability": {
      "fps_value": 26.25248341427761,
      "kuramoto_value": 0.30692830766026824,
      "neutral_value": 0.6320557848559905,
      "fps_vs_kuramoto_efficiency": 8425.842789108758,
      "fps_vs_neutral_efficiency": 4047.1042587897427
    },
    "resilience": {
      "fps_value": 0.03861003861003861,
      "kuramoto_value": 1.0,
      "neutral_value": 0.1,
      "fps_vs_kuramoto_efficiency": -96.13899612938224,
      "fps_vs_neutral_efficiency": -61.38996132857143
    },
    "innovation": {
      "fps_value": 0.8246726947933801,
      "kuramoto_value": 0.14243194390317127,
      "neutral_value": 0.5,
      "fps_vs_kuramoto_efficiency": 478.99420011779006,
      "fps_vs_neutral_efficiency": 64.93453894568911
    },
    "fluidity": {
      "fps_value": 0.9900990099009901,
      "kuramoto_value": 0.2553948186233467,
      "neutral_value": 0.9900990099009901,
      "fps_vs_kuramoto_efficiency": 287.673882716275,
      "fps_vs_neutral_efficiency": 0.0
    },
    "cpu_efficiency": {
      "fps_value": 57505.08264423528,
      "kuramoto_value": 217265.2527160132,
      "neutral_value": 1000000.0,
      "fps_vs_kuramoto_efficiency": -73.53231468875367,
      "fps_vs_neutral_efficiency": -94.24949164132698
    },
    "global_score": {
      "fps": 0.6666666666666666,
      "kuramoto": 0.3356996196482887,
      "neutral": 0.43341581478171376,
      "fps_vs_kuramoto_efficiency": 98.59023589795564,
      "fps_vs_neutral_efficiency": 53.81687605206811
    }
  },
  "summary": {
    "fps_advantages": [
      "synchronization: +18.4% vs Kuramoto",
      "stability: +8425.8% vs Kuramoto",
      "innovation: +479.0% vs Kuramoto",
      "fluidity: +287.7% vs Kuramoto"
    ],
    "fps_disadvantages": [
      "resilience: -96.1% vs Kuramoto",
      "cpu_efficiency: -73.5% vs Kuramoto"
    ],
    "overall_verdict": "FPS surpasse les deux mod\u00e8les de contr\u00f4le (Kuramoto: +98.6%, Neutral: +53.8%)"
  }
}