{
  "metadata": {
    "timestamp": "2025-06-25T21:03:59.333101",
    "fps_run_id": "run_20250625-210358_seed12345",
    "kuramoto_run_id": "run_20250625-210359_seed12345",
    "neutral_run_id": "run_20250625-210359_seed12345"
  },
  "detailed_metrics": {
    "synchronization": {
      "fps_value": 0.9189623333081869,
      "kuramoto_value": 0.7762382860014279,
      "neutral_value": 0,
      "fps_vs_kuramoto_efficiency": 18.3866281607385,
      "fps_vs_neutral_efficiency": 918962333308.1869
    },
    "stability": {
      "fps_value": 317.91865492571503,
      "kuramoto_value": 0.30692830766026824,
      "neutral_value": 0.6320557848559905,
      "fps_vs_kuramoto_efficiency": 103144.69917733906,
      "fps_vs_neutral_efficiency": 50119.848318428434
    },
    "resilience": {
      "fps_value": 0.043859649122807015,
      "kuramoto_value": 1.0,
      "neutral_value": 0.1,
      "fps_vs_kuramoto_efficiency": -95.61403507815788,
      "fps_vs_neutral_efficiency": -56.14035082105264
    },
    "continuous_resilience": {
      "fps_value": 1.0,
      "kuramoto_value": 0.5,
      "neutral_value": 0.3,
      "fps_vs_kuramoto_efficiency": 99.99999998,
      "fps_vs_neutral_efficiency": 233.33333325555557
    },
    "innovation": {
      "fps_value": 0.8088586746397097,
      "kuramoto_value": 0.14243194390317127,
      "neutral_value": 0.5,
      "fps_vs_kuramoto_efficiency": 467.8913395450815,
      "fps_vs_neutral_efficiency": 61.771734915587594
    },
    "fluidity": {
      "fps_value": 0.9900990099009901,
      "kuramoto_value": 0.2553948186233467,
      "neutral_value": 0.9900990099009901,
      "fps_vs_kuramoto_efficiency": 287.673882716275,
      "fps_vs_neutral_efficiency": 0.0
    },
    "cpu_efficiency": {
      "fps_value": 50418.39605126504,
      "kuramoto_value": 224173.58854934332,
      "neutral_value": 947550.0713882475,
      "fps_vs_kuramoto_efficiency": -77.50921633872159,
      "fps_vs_neutral_efficiency": -94.67907833892215
    },
    "global_score": {
      "fps": 0.7142857142857143,
      "kuramoto": 0.3320118373857743,
      "neutral": 0.3708977783581844,
      "fps_vs_kuramoto_efficiency": 115.13862872926009,
      "fps_vs_neutral_efficiency": 92.58290447437771
    }
  },
  "summary": {
    "fps_advantages": [
      "synchronization: +18.4% vs Kuramoto",
      "stability: +103144.7% vs Kuramoto",
      "continuous_resilience: +100.0% vs Kuramoto",
      "innovation: +467.9% vs Kuramoto",
      "fluidity: +287.7% vs Kuramoto"
    ],
    "fps_disadvantages": [
      "resilience: -95.6% vs Kuramoto",
      "cpu_efficiency: -77.5% vs Kuramoto"
    ],
    "overall_verdict": "FPS surpasse les deux mod\u00e8les de contr\u00f4le (Kuramoto: +115.1%, Neutral: +92.6%)"
  }
}