{
  "metadata": {
    "timestamp": "2025-06-09T18:16:22.374676",
    "fps_run_id": "run_20250609-181621_seed12345",
    "kuramoto_run_id": "run_20250609-181622_seed12345",
    "neutral_run_id": "run_20250609-181622_seed12345"
  },
  "detailed_metrics": {
    "synchronization": {
      "fps_value": 0,
      "kuramoto_value": 0.7762382860014279,
      "neutral_value": 0,
      "fps_vs_kuramoto_efficiency": -99.99999998711736,
      "fps_vs_neutral_efficiency": 0.0
    },
    "stability": {
      "fps_value": 4.258238916276602,
      "kuramoto_value": 0.3070225415599394,
      "neutral_value": 0.6324555319936764,
      "fps_vs_kuramoto_efficiency": 1286.946669568341,
      "fps_vs_neutral_efficiency": 573.2866897819925
    },
    "resilience": {
      "fps_value": 0.16393442622950818,
      "kuramoto_value": 1.0,
      "neutral_value": 0.1,
      "fps_vs_kuramoto_efficiency": -83.60655736868853,
      "fps_vs_neutral_efficiency": 63.934426165573754
    },
    "innovation": {
      "fps_value": 0.8982479653246085,
      "kuramoto_value": 0.14243194390317127,
      "neutral_value": 0,
      "fps_vs_kuramoto_efficiency": 530.650639300836,
      "fps_vs_neutral_efficiency": 898247965324.6084
    },
    "cpu_efficiency": {
      "fps_value": 23765.922621540372,
      "kuramoto_value": 226568.75754593572,
      "neutral_value": 1161971.3727457009,
      "fps_vs_kuramoto_efficiency": -89.51050317839076,
      "fps_vs_neutral_efficiency": -97.95468948900333
    },
    "global_score": {
      "fps": 4754.248608569641,
      "kuramoto": 45314.19664774144,
      "neutral": 232394.42104024658,
      "fps_vs_kuramoto_efficiency": -89.50825798473755,
      "fps_vs_neutral_efficiency": -97.95423289970185
    }
  },
  "summary": {
    "fps_advantages": [
      "stability: +1286.9% vs Kuramoto",
      "innovation: +530.7% vs Kuramoto"
    ],
    "fps_disadvantages": [
      "synchronization: -100.0% vs Kuramoto",
      "resilience: -83.6% vs Kuramoto",
      "cpu_efficiency: -89.5% vs Kuramoto"
    ],
    "overall_verdict": "FPS montre des caract\u00e9ristiques uniques mais avec des compromis"
  }
}