{
  "metadata": {
    "timestamp": "2025-06-29T23:20:45.370736",
    "fps_run_id": "run_20250629-232044_seed12345",
    "kuramoto_run_id": "run_20250629-232045_seed12345",
    "neutral_run_id": "run_20250629-232045_seed12345"
  },
  "detailed_metrics": {
    "synchronization": {
      "fps_value": 0.990958030250303,
      "kuramoto_value": 0.7762382860014279,
      "neutral_value": 0,
      "fps_vs_kuramoto_efficiency": 27.661576102781748,
      "fps_vs_neutral_efficiency": 990958030250.3031
    },
    "stability": {
      "fps_value": 4.944781606293224,
      "kuramoto_value": 0.30692830766026824,
      "neutral_value": 0.6320557848559905,
      "fps_vs_kuramoto_efficiency": 1506.1471073811817,
      "fps_vs_neutral_efficiency": 681.2552581631185
    },
    "resilience": {
      "fps_value": 0.9090909090909091,
      "kuramoto_value": 1.0,
      "neutral_value": 0.1,
      "fps_vs_kuramoto_efficiency": -9.090909090000004,
      "fps_vs_neutral_efficiency": 809.0909082818182
    },
    "continuous_resilience": {
      "fps_value": 1.0,
      "kuramoto_value": 0.5,
      "neutral_value": 0.3,
      "fps_vs_kuramoto_efficiency": 99.99999998,
      "fps_vs_neutral_efficiency": 233.33333325555557
    },
    "innovation": {
      "fps_value": 0.9038990744970248,
      "kuramoto_value": 0.14243194390317127,
      "neutral_value": 0.5,
      "fps_vs_kuramoto_efficiency": 534.6182248112118,
      "fps_vs_neutral_efficiency": 80.77981488324899
    },
    "fluidity": {
      "fps_value": 0.9900990099009901,
      "kuramoto_value": 0.2553948186233467,
      "neutral_value": 0.9900990099009901,
      "fps_vs_kuramoto_efficiency": 287.673882716275,
      "fps_vs_neutral_efficiency": 0.0
    },
    "cpu_efficiency": {
      "fps_value": 46600.60080849818,
      "kuramoto_value": 226617.71965638638,
      "neutral_value": 979653.3829584299,
      "fps_vs_kuramoto_efficiency": -79.43647051363769,
      "fps_vs_neutral_efficiency": -95.24315410209661
    },
    "global_score": {
      "fps": 0.8427128427128426,
      "kuramoto": 0.3231384022037735,
      "neutral": 0.36281154359311074,
      "fps_vs_kuramoto_efficiency": 160.7900629590387,
      "fps_vs_neutral_efficiency": 132.27288587202816
    }
  },
  "summary": {
    "fps_advantages": [
      "synchronization: +27.7% vs Kuramoto",
      "stability: +1506.1% vs Kuramoto",
      "continuous_resilience: +100.0% vs Kuramoto",
      "innovation: +534.6% vs Kuramoto",
      "fluidity: +287.7% vs Kuramoto"
    ],
    "fps_disadvantages": [
      "cpu_efficiency: -79.4% vs Kuramoto"
    ],
    "overall_verdict": "FPS surpasse les deux mod\u00e8les de contr\u00f4le (Kuramoto: +160.8%, Neutral: +132.3%)"
  }
}