{
  "metadata": {
    "timestamp": "2025-07-09T23:24:42.549757",
    "fps_run_id": "run_20250709-232441_FPS_seed12345",
    "kuramoto_run_id": "run_20250709-232442_KURAMOTO_seed12345",
    "neutral_run_id": "run_20250709-232442_NEUTRAL_seed12345"
  },
  "detailed_metrics": {
    "synchronization": {
      "fps_value": 0.990958030250303,
      "kuramoto_value": 0.7762382860014279,
      "neutral_value": 0,
      "fps_vs_kuramoto_efficiency": 27.661576102781748,
      "fps_vs_neutral_efficiency": 990958030250.3031
    },
    "stability": {
      "fps_value": 40.50785930309207,
      "kuramoto_value": 0.30692830766026824,
      "neutral_value": 0.6320557848559905,
      "fps_vs_kuramoto_efficiency": 13055.28916808284,
      "fps_vs_neutral_efficiency": 6298.939915272577
    },
    "resilience": {
      "fps_value": 0.7692307692307692,
      "kuramoto_value": 1.0,
      "neutral_value": 0.1,
      "fps_vs_kuramoto_efficiency": -23.07692307461539,
      "fps_vs_neutral_efficiency": 669.2307685615384
    },
    "continuous_resilience": {
      "fps_value": 1.0,
      "kuramoto_value": 0.5,
      "neutral_value": 0.3,
      "fps_vs_kuramoto_efficiency": 99.99999998,
      "fps_vs_neutral_efficiency": 233.33333325555557
    },
    "innovation": {
      "fps_value": 0.860620051132182,
      "kuramoto_value": 0.14243194390317127,
      "neutral_value": 0.5,
      "fps_vs_kuramoto_efficiency": 504.23246853460074,
      "fps_vs_neutral_efficiency": 72.1240102120116
    },
    "fluidity": {
      "fps_value": 0.9930940509485057,
      "kuramoto_value": 0.9927299811645179,
      "neutral_value": 0.5,
      "fps_vs_kuramoto_efficiency": 0.03667359612973372,
      "fps_vs_neutral_efficiency": 98.61881016997737
    },
    "cpu_efficiency": {
      "fps_value": 8223.536268026462,
      "kuramoto_value": 230084.54870877956,
      "neutral_value": 1000000.0,
      "fps_vs_kuramoto_efficiency": -96.42586289325595,
      "fps_vs_neutral_efficiency": -99.17764627401971
    },
    "global_score": {
      "fps": 0.8205128205128205,
      "kuramoto": 0.4702853745972107,
      "neutral": 0.21513753897496737,
      "fps_vs_kuramoto_efficiency": 74.47126037910509,
      "fps_vs_neutral_efficiency": 281.3898885990801
    }
  },
  "summary": {
    "fps_advantages": [
      "synchronization: +27.7% vs Kuramoto",
      "stability: +13055.3% vs Kuramoto",
      "continuous_resilience: +100.0% vs Kuramoto",
      "innovation: +504.2% vs Kuramoto"
    ],
    "fps_disadvantages": [
      "resilience: -23.1% vs Kuramoto",
      "cpu_efficiency: -96.4% vs Kuramoto"
    ],
    "overall_verdict": "FPS surpasse les deux mod\u00e8les de contr\u00f4le (Kuramoto: +74.5%, Neutral: +281.4%)"
  }
}