{
  "metadata": {
    "timestamp": "2025-07-13T23:05:20.077399",
    "fps_run_id": "run_20250713-230514_FPS_seed12345",
    "kuramoto_run_id": "run_20250713-230518_KURAMOTO_seed12345",
    "neutral_run_id": "run_20250713-230519_NEUTRAL_seed12345"
  },
  "detailed_metrics": {
    "synchronization": {
      "fps_value": 0.9909605613330934,
      "kuramoto_value": 0.8594022064461299,
      "neutral_value": 0,
      "fps_vs_kuramoto_efficiency": 15.308123936019,
      "fps_vs_neutral_efficiency": 990960561333.0935
    },
    "stability": {
      "fps_value": 13.86223020705395,
      "kuramoto_value": 0.29703021462880813,
      "neutral_value": 0.6320557848559879,
      "fps_vs_kuramoto_efficiency": 4551.61903947235,
      "fps_vs_neutral_efficiency": 2089.890770875375
    },
    "resilience": {
      "fps_value": 0.8443943159202328,
      "kuramoto_value": 1.0,
      "neutral_value": 0.1,
      "fps_vs_kuramoto_efficiency": -15.560568406420657,
      "fps_vs_neutral_efficiency": 744.3943151758385
    },
    "continuous_resilience": {
      "fps_value": 0.8459601167234061,
      "kuramoto_value": 0.5,
      "neutral_value": 0.3,
      "fps_vs_kuramoto_efficiency": 69.19202333084282,
      "fps_vs_neutral_efficiency": 181.98670551380644
    },
    "innovation": {
      "fps_value": 0.8551661405948153,
      "kuramoto_value": 0.008169994466114598,
      "neutral_value": 0.5,
      "fps_vs_kuramoto_efficiency": 10367.156786635496,
      "fps_vs_neutral_efficiency": 71.03322810475642
    },
    "fluidity": {
      "fps_value": 0.9916727543643616,
      "kuramoto_value": 0.9926941796545771,
      "neutral_value": 0.5,
      "fps_vs_kuramoto_efficiency": -0.1028942559598721,
      "fps_vs_neutral_efficiency": 98.33455085320541
    },
    "cpu_efficiency": {
      "fps_value": 7424.464460051581,
      "kuramoto_value": 225055.7136671217,
      "neutral_value": 1000000.0,
      "fps_vs_kuramoto_efficiency": -96.7010544606552,
      "fps_vs_neutral_efficiency": -99.25755345473728
    },
    "global_score": {
      "fps": 0.8321473789816849,
      "kuramoto": 0.4932611199315411,
      "neutral": 0.22933900592925097,
      "fps_vs_kuramoto_efficiency": 68.7032172794146,
      "fps_vs_neutral_efficiency": 262.84598659834995
    }
  },
  "summary": {
    "fps_advantages": [
      "synchronization: +15.3% vs Kuramoto",
      "stability: +4551.6% vs Kuramoto",
      "continuous_resilience: +69.2% vs Kuramoto",
      "innovation: +10367.2% vs Kuramoto"
    ],
    "fps_disadvantages": [
      "resilience: -15.6% vs Kuramoto",
      "cpu_efficiency: -96.7% vs Kuramoto"
    ],
    "overall_verdict": "FPS surpasse les deux mod\u00e8les de contr\u00f4le (Kuramoto: +68.7%, Neutral: +262.8%)"
  }
}