{
  "metadata": {
    "timestamp": "2025-06-30T19:16:42.880702",
    "fps_run_id": "run_20250630-191642_seed12345",
    "kuramoto_run_id": "run_20250630-191642_seed12345",
    "neutral_run_id": "run_20250630-191642_seed12345"
  },
  "detailed_metrics": {
    "synchronization": {
      "fps_value": 0.990958030250303,
      "kuramoto_value": 0.7762382860014279,
      "neutral_value": 0,
      "fps_vs_kuramoto_efficiency": 27.661576102781748,
      "fps_vs_neutral_efficiency": 990958030250.3031
    },
    "stability": {
      "fps_value": 5.030156860623687,
      "kuramoto_value": 0.30692830766026824,
      "neutral_value": 0.6320557848559905,
      "fps_vs_kuramoto_efficiency": 1533.8727994356634,
      "fps_vs_neutral_efficiency": 694.7414716016204
    },
    "resilience": {
      "fps_value": 0.9090909090909091,
      "kuramoto_value": 1.0,
      "neutral_value": 0.1,
      "fps_vs_kuramoto_efficiency": -9.090909090000004,
      "fps_vs_neutral_efficiency": 809.0909082818182
    },
    "continuous_resilience": {
      "fps_value": 0.7217803064713938,
      "kuramoto_value": 0.5,
      "neutral_value": 0.3,
      "fps_vs_kuramoto_efficiency": 44.35606128540754,
      "fps_vs_neutral_efficiency": 140.59343544360013
    },
    "innovation": {
      "fps_value": 0.8909063813849538,
      "kuramoto_value": 0.14243194390317127,
      "neutral_value": 0.5,
      "fps_vs_kuramoto_efficiency": 525.4961888781899,
      "fps_vs_neutral_efficiency": 78.1812762613545
    },
    "fluidity": {
      "fps_value": 0.9900990099009901,
      "kuramoto_value": 0.2553948186233467,
      "neutral_value": 0.9900990099009901,
      "fps_vs_kuramoto_efficiency": 287.673882716275,
      "fps_vs_neutral_efficiency": 0.0
    },
    "cpu_efficiency": {
      "fps_value": 44595.84356748489,
      "kuramoto_value": 218609.5870622679,
      "neutral_value": 961988.746269366,
      "fps_vs_kuramoto_efficiency": -79.60023393174211,
      "fps_vs_neutral_efficiency": -95.36420309550692
    },
    "global_score": {
      "fps": 0.8427128427128426,
      "kuramoto": 0.349597779472441,
      "neutral": 0.3637950006193356,
      "fps_vs_kuramoto_efficiency": 141.05211533193452,
      "fps_vs_neutral_efficiency": 131.64497619443307
    }
  },
  "summary": {
    "fps_advantages": [
      "synchronization: +27.7% vs Kuramoto",
      "stability: +1533.9% vs Kuramoto",
      "continuous_resilience: +44.4% vs Kuramoto",
      "innovation: +525.5% vs Kuramoto",
      "fluidity: +287.7% vs Kuramoto"
    ],
    "fps_disadvantages": [
      "cpu_efficiency: -79.6% vs Kuramoto"
    ],
    "overall_verdict": "FPS surpasse les deux mod\u00e8les de contr\u00f4le (Kuramoto: +141.1%, Neutral: +131.6%)"
  }
}