{
  "metadata": {
    "timestamp": "2025-06-24T16:47:21.014192",
    "fps_run_id": "run_20250624-164720_seed12345",
    "kuramoto_run_id": "run_20250624-164720_seed12345",
    "neutral_run_id": "run_20250624-164720_seed12345"
  },
  "detailed_metrics": {
    "synchronization": {
      "fps_value": 0.9189623333081869,
      "kuramoto_value": 0.7762382860014279,
      "neutral_value": 0,
      "fps_vs_kuramoto_efficiency": 18.3866281607385,
      "fps_vs_neutral_efficiency": 918962333308.1869
    },
    "stability": {
      "fps_value": 13.306192836033707,
      "kuramoto_value": 0.30692830766026824,
      "neutral_value": 0.6320557848559905,
      "fps_vs_kuramoto_efficiency": 4221.5230639708825,
      "fps_vs_neutral_efficiency": 2002.0569046787666
    },
    "resilience": {
      "fps_value": 0.03861003861003861,
      "kuramoto_value": 1.0,
      "neutral_value": 0.1,
      "fps_vs_kuramoto_efficiency": -96.13899612938224,
      "fps_vs_neutral_efficiency": -61.38996132857143
    },
    "continuous_resilience": {
      "fps_value": 1.0,
      "kuramoto_value": 0.9187922332180221,
      "neutral_value": 0.3,
      "fps_vs_kuramoto_efficiency": 8.838534310277463,
      "fps_vs_neutral_efficiency": 233.33333325555557
    },
    "innovation": {
      "fps_value": 0.8246726943026926,
      "kuramoto_value": 0.14243194390317127,
      "neutral_value": 0.5,
      "fps_vs_kuramoto_efficiency": 478.9941997732834,
      "fps_vs_neutral_efficiency": 64.93453884755162
    },
    "fluidity": {
      "fps_value": 0.9900990099009901,
      "kuramoto_value": 0.2553948186233467,
      "neutral_value": 0.9900990099009901,
      "fps_vs_kuramoto_efficiency": 287.673882716275,
      "fps_vs_neutral_efficiency": 0.0
    },
    "cpu_efficiency": {
      "fps_value": 55079.68907383161,
      "kuramoto_value": 222245.53330928885,
      "neutral_value": 1000000.0,
      "fps_vs_kuramoto_efficiency": -75.21673933966217,
      "fps_vs_neutral_efficiency": -94.4920309981248
    },
    "global_score": {
      "fps": 0.7142857142857143,
      "kuramoto": 0.4150841268851217,
      "neutral": 0.37328213805633254,
      "fps_vs_kuramoto_efficiency": 72.08215586892756,
      "fps_vs_neutral_efficiency": 91.35277083270663
    }
  },
  "summary": {
    "fps_advantages": [
      "synchronization: +18.4% vs Kuramoto",
      "stability: +4221.5% vs Kuramoto",
      "innovation: +479.0% vs Kuramoto",
      "fluidity: +287.7% vs Kuramoto"
    ],
    "fps_disadvantages": [
      "resilience: -96.1% vs Kuramoto",
      "cpu_efficiency: -75.2% vs Kuramoto"
    ],
    "overall_verdict": "FPS surpasse les deux mod\u00e8les de contr\u00f4le (Kuramoto: +72.1%, Neutral: +91.4%)"
  }
}